date,hash_rate,n_transactions
2020-01-01,112718458.532564,251735.0
2020-01-02,96717718.3123778,295567.0
2020-01-03,115924073.721928,316517.0
2020-01-04,115238132.457301,287215.0
2020-01-05,111808426.134167,287779.0
2020-01-06,92602070.7246171,299146.0
2020-01-07,120725662.574316,344079.0
2020-01-08,97403659.5770046,318019.0
2020-01-09,107692778.546407,322057.0
2020-01-10,102205248.429392,330734.0
2020-01-11,111808426.134167,309070.0
2020-01-12,103577130.958646,283136.0
2020-01-13,98089600.8416314,291597.0
2020-01-14,99607271.2200415,346953.0
2020-01-15,110915119.366187,332658.0
2020-01-16,116791417.080951,325947.0
2020-01-17,116791417.080951,323992.0
2020-01-18,96958912.29362,287237.0
2020-01-19,110180582.151841,283960.0
2020-01-20,111649656.580532,313661.0
2020-01-21,112384193.794878,315210.0
2020-01-22,114587805.437915,328586.0
2020-01-23,116791417.080951,329918.0
2020-01-24,111649656.580532,313887.0
2020-01-25,120464103.152679,285584.0
2020-01-26,105038821.651422,261247.0
2020-01-27,94755300.6505832,279240.0
2020-01-28,107321517.0167,340052.0
2020-01-29,123011831.712795,340562.0
2020-01-30,119936535.919975,332558.0
2020-01-31,110710648.541515,334434.0
2020-02-01,116092416.17895,303724.0
2020-02-02,109941824.59331,290879.0
2020-02-03,113785944.334335,331012.0
2020-02-04,101484761.163056,309190.0
2020-02-05,122243007.76459,368604.0
2020-02-06,103791233.007671,315370.0
2020-02-07,106866528.80049,334938.0
2020-02-08,106866528.80049,318363.0
2020-02-09,117630064.07536,317070.0
2020-02-10,93796521.681006,298104.0
2020-02-11,114190850.876276,365583.0
2020-02-12,109742275.18922,344615.0
2020-02-13,108969442.265353,340081.0
2020-02-14,104332444.722146,326078.0
2020-02-15,109742275.18922,322721.0
2020-02-16,109742275.18922,292236.0
2020-02-17,121334769.047237,341491.0
2020-02-18,115924938.580162,331050.0
2020-02-19,108969442.265353,334805.0
2020-02-20,97376948.4073364,316626.0
2020-02-21,119016270.275633,338484.0
2020-02-22,114379272.732427,304597.0
2020-02-23,109742275.18922,285579.0
2020-02-24,108969442.265353,328890.0
2020-02-25,111020255.745151,334593.0
2020-02-26,104700775.427287,329967.0
2020-02-27,113169220.498612,338781.0
2020-02-28,121637665.569937,368590.0
2020-02-29,107010351.35583,307527.0
2020-03-01,136264979.784043,309849.0
2020-03-02,114708937.784307,342821.0
2020-03-03,117788372.355698,342324.0
2020-03-04,128566393.355566,358745.0
2020-03-05,125486958.784175,349529.0
2020-03-06,119328089.641393,338383.0
2020-03-07,120867806.927089,313312.0
2020-03-08,121637665.569937,302694.0
2020-03-09,119877105.097528,348211.0
2020-03-10,108616241.391911,329698.0
2020-03-11,97919187.3154346,287492.0
2020-03-12,124250397.349837,349978.0
2020-03-13,102856289.196885,276798.0
2020-03-14,105324840.13761,279828.0
2020-03-15,97919187.3154346,223230.0
2020-03-16,97919187.3154346,270399.0
2020-03-17,101210588.569735,278326.0
2020-03-18,82285031.3575081,231254.0
2020-03-19,88044983.5525337,265689.0
2020-03-20,89690684.1796838,284594.0
2020-03-21,102033438.88331,245896.0
2020-03-22,104501989.824035,209154.0
2020-03-23,92159235.1204091,259816.0
2020-03-24,108616241.391911,278131.0
2020-03-25,75702228.8489074,218176.0
2020-03-26,112492821.358516,292828.0
2020-03-27,107197274.863781,276546.0
2020-03-28,93365368.4297446,240627.0
2020-03-29,104430893.576974,232820.0
2020-03-30,101664512.290166,276828.0
2020-03-31,109963656.150588,290227.0
2020-04-01,105814084.220377,281855.0
2020-04-02,105814084.220377,299176.0
2020-04-03,91290582.4646392,278763.0
2020-04-04,108580465.507185,253274.0
2020-04-05,121029181.297817,240259.0
2020-04-06,88524201.1778319,280470.0
2020-04-07,116188014.045904,312770.0
2020-04-08,103061194.836332,286563.0
2020-04-09,112650577.826398,286706.0
2020-04-10,119234053.153915,288585.0
2020-04-11,116308064.119463,247852.0
2020-04-12,111919080.567785,228529.0
2020-04-13,125086031.222819,288113.0
2020-04-14,122891539.44698,299391.0
2020-04-15,123623036.705593,310253.0
2020-04-16,112650577.826398,322903.0
2020-04-17,92900151.843848,284222.0
2020-04-18,115576566.86085,289134.0
2020-04-19,111187583.309172,251984.0
2020-04-20,117771058.636689,310810.0
2020-04-21,115730561.554044,310851.0
2020-04-22,103923467.233466,278755.0
2020-04-23,112649865.245436,329045.0
2020-04-24,114236483.065795,320055.0
2020-04-25,107890011.784362,280805.0
2020-04-26,108683320.694541,252833.0
2020-04-27,111856556.335257,311217.0
2020-04-28,122169572.167586,323475.0
2020-04-29,115029791.975974,331401.0
2020-04-30,107096702.874182,321972.0
2020-05-01,111856556.335257,340574.0
2020-05-02,117409718.706511,286773.0
2020-05-03,133275896.910094,281752.0
2020-05-04,125342807.808302,326098.0
2020-05-05,126294576.814336,329075.0
2020-05-06,123288445.655594,333395.0
2020-05-07,117684425.398522,341986.0
2020-05-08,109678682.174133,323625.0
2020-05-09,108878107.851694,312399.0
2020-05-10,136097634.814617,286789.0
2020-05-11,125690168.622911,305839.0
2020-05-12,116883851.076083,345215.0
2020-05-13,95268344.370232,296796.0
2020-05-14,91265472.7580373,268750.0
2020-05-15,100071790.304866,310642.0
2020-05-16,100872364.627304,296555.0
2020-05-17,81658580.8887703,236808.0
2020-05-18,102473513.272182,273723.0
2020-05-19,92066047.0804763,274897.0
2020-05-20,86971887.3185643,280037.0
2020-05-21,98579623.7035512,298483.0
2020-05-22,83529299.4740014,278784.0
2020-05-23,89549429.1658213,269230.0
2020-05-24,87291880.5313888,214530.0
2020-05-25,94064526.4346863,265875.0
2020-05-26,93312010.2232088,295782.0
2020-05-27,103847237.183894,292927.0
2020-05-28,98579623.7035512,299910.0
2020-05-29,95569558.8576412,280960.0
2020-05-30,117392528.990488,286046.0
2020-05-31,112877431.721623,258427.0
2020-06-01,100837172.337984,308312.0
2020-06-02,97074591.2805962,304114.0
2020-06-03,104599753.395371,314000.0
2020-06-04,108668660.65278,318285.0
2020-06-05,122192367.725211,327082.0
2020-06-06,133797229.464477,284873.0
2020-06-07,108539589.208428,252368.0
2020-06-08,110587505.985945,317275.0
2020-06-09,109222228.134267,327074.0
2020-06-10,111952783.837623,325163.0
2020-06-11,126288201.280246,332490.0
2020-06-12,111270144.911784,318274.0
2020-06-13,107856950.282588,280181.0
2020-06-14,116048617.392658,275723.0
2020-06-15,94204171.7658051,294468.0
2020-06-16,106374812.691088,340517.0
2020-06-17,108283617.573483,333547.0
2020-06-18,97298323.0370428,283897.0
2020-06-19,111422273.155323,344142.0
2020-06-20,107498953.678023,284123.0
2020-06-21,114560928.737163,259440.0
2020-06-22,112206937.050783,301396.0
2020-06-23,123976895.482684,355256.0
2020-06-24,109068281.468943,312321.0
2020-06-25,110637609.259863,312183.0
2020-06-26,128684878.855444,330381.0
2020-06-27,108283617.573483,275489.0
2020-06-28,117699584.319003,264909.0
2020-06-29,113776264.841703,315424.0
2020-06-30,115344676.145677,299733.0
2020-07-01,127111309.039231,382570.0
2020-07-02,128680584.459468,339469.0
2020-07-03,127895946.749349,331009.0
2020-07-04,123188120.488637,288647.0
2020-07-05,127895946.749349,274104.0
2020-07-06,120834207.358281,338767.0
2020-07-07,126326671.329112,345975.0
2020-07-08,118480294.227925,347455.0
2020-07-09,128680584.459468,362718.0
2020-07-10,126326671.329112,345996.0
2020-07-11,122403482.778518,306771.0
2020-07-12,119264931.938044,282364.0
2020-07-13,121086665.700822,310227.0
2020-07-14,124167138.542574,359847.0
2020-07-15,118993507.769967,316064.0
2020-07-16,117268964.179098,345849.0
2020-07-17,101748071.861276,293907.0
2020-07-18,112095333.40649,311022.0
2020-07-19,112957605.201925,277093.0
2020-07-20,121580323.15627,309747.0
2020-07-21,107783974.429318,312871.0
2020-07-22,124167138.542574,364792.0
2020-07-23,117268964.179098,336245.0
2020-07-24,138825759.064961,369432.0
2020-07-25,122442594.951705,293883.0
2020-07-26,136238943.678657,298580.0
2020-07-27,128205972.903398,326769.0
2020-07-28,121437040.395232,354742.0
2020-07-29,123949530.886168,346521.0
2020-07-30,113062072.092113,327789.0
2020-07-31,128137015.037728,356906.0
2020-08-01,114737065.752737,296705.0
2020-08-02,118087053.073985,287869.0
2020-08-03,135674486.510536,333753.0
2020-08-04,121437040.395232,329032.0
2020-08-05,108037091.110241,291814.0
2020-08-06,130649505.528664,356612.0
2020-08-07,127299518.207416,326499.0
2020-08-08,118924549.904297,283631.0
2020-08-09,130649505.528664,268402.0
2020-08-10,114901504.532898,308367.0
2020-08-11,129741892.842126,349952.0
2020-08-12,132269332.313077,346405.0
2020-08-13,123844534.076575,325346.0
2020-08-14,140694130.549579,365679.0
2020-08-15,131426852.489427,313760.0
2020-08-16,128056933.194826,285069.0
2020-08-17,105309977.956271,292944.0
2020-08-18,117947175.311024,346036.0
2020-08-19,116262215.6637237,333879.0
2020-08-20,123002054.25292505,333683.0
2020-08-21,130584372.66577661,314297.0
2020-08-22,114577256.01642336,311699.0
2020-08-23,132269332.31307696,288728.0
2020-08-24,128441437.17505692,329133.0
2020-08-25,111720008.69546376,304409.0
2020-08-26,123939384.6465301,324184.0
2020-08-27,112592821.26339707,328157.0
2020-08-28,142268448.57312962,352722.0
2020-08-29,127430634.91826336,292783.0
2020-08-30,110847196.12753047,269114.0
2020-08-31,130921885.1899966,302920.0
2020-09-01,134413135.46172985,376508.0
2020-09-02,125685009.78239675,317449.0
2020-09-03,112592821.26339707,310922.0
2020-09-04,117829696.67099695,298286.0
2020-09-05,123066572.0785968,325523.0
2020-09-06,130921885.1899966,262820.0
2020-09-07,151762133.7678071,327662.0
2020-09-08,133652505.32879263,332668.0
2020-09-09,128478859.9612265,314864.0
2020-09-10,136239328.01257572,345981.0
2020-09-11,118993843.45402186,308323.0
2020-09-12,146586618.74770805,300152.0
2020-09-13,139688424.9242865,255110.0
2020-09-14,151760264.11527425,354020.0
2020-09-15,134514779.55672038,332957.0
2020-09-16,133652505.32879263,342609.0
2020-09-17,153484812.57112962,348581.0
2020-09-18,142275247.6080696,325157.0
2020-09-19,128478859.9612265,296357.0
2020-09-20,135165071.8298032,259095.0
2020-09-21,139219832.7594406,297605.0
2020-09-22,123857644.31701957,312989.0
2020-09-23,136339422.42648664,349938.0
2020-09-24,131538738.5382301,316552.0
2020-09-25,162263115.42307216,353070.0
2020-09-26,144020516.64769718,276162.0
2020-09-27,145940790.2029998,259382.0
2020-09-28,123857644.31701957,295476.0
2020-09-29,135379285.64883536,347696.0
2020-09-30,149781337.3136051,351417.0
2020-10-01,119056960.428763,304757.0
2020-10-02,130578601.76057878,315443.0
2020-10-03,144980653.4253485,310855.0
2020-10-04,151592064.050859,268019.0
2020-10-05,134303836.4311328,294986.0
2020-10-06,124710705.25748046,317922.0
2020-10-07,144856280.7221504,370554.0
2020-10-08,155408725.01316798,330227.0
2020-10-09,136222462.66586328,339343.0
2020-10-10,137181775.78322852,298486.0
2020-10-11,134303836.4311328,256096.0
2020-10-12,142937654.4874199,314174.0
2020-10-13,159245977.48262888,333215.0
2020-10-14,142937654.4874199,314541.0
2020-10-15,144856280.7221504,340993.0
2020-10-16,148693533.1916113,324647.0
2020-10-17,152419671.45957646,275069.0
2020-10-18,119288755.69898501,231557.0
2020-10-19,124259120.51977606,303929.0
2020-10-20,143146506.838782,330563.0
2020-10-21,129229485.3405671,311292.0
2020-10-22,136187996.08967456,339087.0
2020-10-23,130223558.30472532,323869.0
2020-10-24,151099090.55204767,306774.0
2020-10-25,116306536.80651039,242273.0
2020-10-26,109348026.05740291,252494.0
2020-10-27,98413223.45166263,251938.0
2020-10-28,99407296.41582084,261340.0
2020-10-29,107359880.12908651,276070.0
2020-10-30,110342099.02156112,268364.0
2020-10-31,112330244.94987755,275796.0
2020-11-01,124259120.51977606,276280.0
2020-11-02,94436931.5950298,224609.0
2020-11-03,124332259.04844461,331673.0
2020-11-04,132689483.0919183,320697.0
2020-11-05,122675182.48120748,318668.0
2020-11-06,127682332.78656289,340351.0
2020-11-07,121840657.43031493,270901.0
2020-11-08,115164457.02317438,243047.0
2020-11-09,154387134.41512507,326383.0
2020-11-10,122675182.48120748,303270.0
2020-11-11,122675182.48120748,322277.0
2020-11-12,133524008.14281088,324855.0
2020-11-13,115998982.07406694,300040.0
2020-11-14,118502557.22674464,273511.0
2020-11-15,125178757.63388519,252715.0
2020-11-16,135534841.86269382,311477.0
2020-11-17,137334450.8705656,347772.0
2020-11-18,147831351.5740483,362007.0
2020-11-19,119839616.36476107,311061.0
2020-11-20,146956609.8487581,348026.0
2020-11-21,147831351.5740483,311189.0
2020-11-22,152205060.20049945,271125.0
2020-11-23,128587033.61766332,297840.0
2020-11-24,118964874.63947083,333293.0
2020-11-25,135584967.41998515,361990.0
2020-11-26,131211258.79353401,323975.0
2020-11-27,134710225.69469494,322445.0
2020-11-28,134710225.69469494,293949.0
2020-11-29,135399801.26976258,263573.0
2020-11-30,107610727.917311,256551.0
2020-12-01,144750713.6586838,378068.0
2020-12-02,124752259.79794464,327019.0
2020-12-03,149512250.29219317,346921.0
2020-12-04,137132255.0450689,318894.0
2020-12-05,137132255.0450689,282599.0
2020-12-06,129513796.43145394,258624.0
2020-12-07,142846099.00528008,300906.0
2020-12-08,137132255.0450689,330970.0
2020-12-09,132370718.41155955,321079.0
2020-12-10,123799952.47124276,313649.0
2020-12-11,131418411.08485769,304735.0
2020-12-12,125704567.1246465,295410.0
2020-12-13,148463110.1109586,276160.0
2020-12-14,134574371.39496115,314350.0
2020-12-15,129933875.82961763,320440.0
2020-12-16,132718173.16882376,315217.0
2020-12-17,119724785.58586197,309481.0
2020-12-18,145711560.75178552,375549.0
2020-12-19,146639659.8648542,343536.0
2020-12-20,140142966.07337332,282043.0
2020-12-21,126221479.37734285,269834.0
2020-12-22,132718173.16882376,324163.0
2020-12-23,142927263.41257942,338463.0
2020-12-24,116940488.24665588,269559.0
2020-12-25,133646272.28189245,303901.0
2020-12-26,127149578.49041158,273954.0
2020-12-27,137358668.73416725,309005.0
2020-12-28,147938033.9968089,308983.0
2020-12-29,140537799.38571388,336311.0
2020-12-30,159029615.0943604,338258.0
2020-12-31,153482070.38176647,344918.0
2021-01-01,137764027.0294169,258080.0
2021-01-02,139613208.60028157,297111.0
2021-01-03,146085344.09830785,359116.0
2021-01-04,159954205.87979275,373734.0
2021-01-05,145160753.31287554,354091.0
2021-01-06,163652569.02152207,397384.0
2021-01-07,155331251.95263115,401744.0
2021-01-08,136839436.24398455,358526.0
2021-01-09,133808024.52210465,321389.0
2021-01-10,162879650.9247733,331865.0
2021-01-11,157757649.32336533,333958.0
2021-01-12,151611247.4016758,336627.0
2021-01-13,155708848.68280214,319167.0
2021-01-14,150586847.08139417,338809.0
2021-01-15,158782049.6436469,344002.0
2021-01-16,150586847.08139417,308461.0
2021-01-17,136245242.59745187,271874.0
2021-01-18,148538046.440831,313816.0
2021-01-19,152635647.72195736,325083.0
2021-01-20,144440445.1597046,314809.0
2021-01-21,132147641.31632549,290754.0
2021-01-22,145464845.4799862,326935.0
2021-01-23,159781151.23197326,305209.0
2021-01-24,143884925.38771522,253971.0
2021-01-25,144920068.73582825,309102.0
2021-01-26,166658079.0462025,336935.0
2021-01-27,146990355.43205437,323553.0
2021-01-28,150095785.47639358,325146.0
2021-01-29,157341788.913185,341036.0
2021-01-30,140779495.34337604,312313.0
2021-01-31,149060642.12828052,290753.0
2021-02-01,124217201.7735671,280863.0
2021-02-02,157341788.913185,364551.0
2021-02-03,155271502.21695888,344425.0
2021-02-04,165622935.69808948,367788.0
2021-02-05,174939225.83110696,360541.0
2021-02-06,169021265.50315762,333886.0
2021-02-07,166219498.0035569,286364.0
2021-02-08,172612555.6190783,335223.0
2021-02-09,152367873.16992718,360137.0
2021-02-10,152367873.16992718,340758.0
2021-02-11,137450738.7337105,304739.0
2021-02-12,151302363.56734022,343306.0
2021-02-13,167285007.6061438,336624.0
2021-02-14,158760930.78544855,298254.0
2021-02-15,160891949.9906224,308496.0
2021-02-16,128926661.9130153,296388.0
2021-02-17,147040325.15699264,317666.0
2021-02-18,145974815.55440575,316952.0
2021-02-19,163181402.20420986,341586.0
2021-02-20,157667240.0893604,320475.0
2021-02-21,152267677.07260144,271645.0
2021-02-22,143628376.2457872,285383.0
2021-02-23,137148900.6256765,287884.0
2021-02-24,171706103.93293357,358092.0
2021-02-25,168466366.12287825,326116.0
2021-02-26,150107851.8658979,306416.0
2021-02-27,169546278.72623003,320784.0
2021-02-28,141468551.03908366,254316.0
2021-03-01,140388638.43573186,280485.0
2021-03-02,154427502.27930507,338150.0
2021-03-03,164146715.7094711,333402.0
2021-03-04,138228813.22902828,289631.0
2021-03-05,160906977.89941573,317780.0
2021-03-06,162254330.9888254,287963.0
2021-03-07,155665151.9066483,260739.0
2021-03-08,165260948.9419896,291955.0
2021-03-09,149267953.88308737,299682.0
2021-03-10,158863750.91842875,344688.0
2021-03-11,140738356.51833954,291245.0
2021-03-12,159929950.58902222,320744.0
2021-03-13,152466552.89486787,277072.0
2021-03-14,167393348.28317663,308050.0
2021-03-15,157797551.24783528,292231.0
2021-03-16,158863750.91842875,319493.0
2021-03-17,145003155.2007135,296119.0
2021-03-18,162062349.9302092,331718.0
2021-03-19,158357615.36380938,316180.0
2021-03-20,167389189.0439892,286948.0
2021-03-21,169563074.61598912,234936.0
2021-03-22,164128360.68598944,297410.0
2021-03-23,174997788.54598877,314234.0
2021-03-24,165215303.47198936,305093.0
2021-03-25,167389189.0439892,318562.0
2021-03-26,147824218.8959905,293610.0
2021-03-27,172823902.97398886,288259.0
2021-03-28,172823902.97398886,248605.0
2021-03-29,164128360.68598944,303305.0
2021-03-30,158693646.7559898,321090.0
2021-03-31,170650017.401989,332749.0
2021-04-01,157606703.96998987,311939.0
2021-04-02,160517766.38346806,305788.0
2021-04-03,150672055.73110902,281717.0
2021-04-04,167924581.1965032,246007.0
2021-04-05,179426264.84009933,289046.0
2021-04-06,165624244.467784,309565.0
2021-04-07,180576433.20445892,321319.0
2021-04-08,154122560.82418784,278534.0
2021-04-09,174825591.38266087,324720.0
2021-04-10,180576433.20445892,299086.0
2021-04-11,166774412.8321436,253449.0
2021-04-12,165624244.467784,291369.0
2021-04-13,163323907.73906472,310213.0
2021-04-14,155272729.1885475,297494.0
2021-04-15,198514005.70963436,359440.0
2021-04-16,120743465.5644424,219704.0
2021-04-17,106676265.69285686,194580.0
2021-04-18,145361065.33971703,274735.0
2021-04-19,113709865.62864962,208413.0
2021-04-20,150050131.96357888,279977.0
2021-04-21,118398932.25251147,226021.0
2021-04-22,167634131.8030608,274610.0
2021-04-23,158255998.5553371,295731.0
2021-04-24,169978665.11499172,290690.0
2021-04-25,165289598.49112985,241041.0
2021-04-26,133638398.78006244,240687.0
2021-04-27,166461865.14709532,298109.0
2021-04-28,166461865.14709532,277126.0
2021-04-29,143016532.0277861,259465.0
2021-04-30,169978665.11499172,289389.0
2021-05-01,158954589.9843886,262991.0
2021-05-02,189527186.50027975,235214.0
2021-05-03,181331416.27324066,287007.0
2021-05-04,185429301.3867602,300824.0
2021-05-05,160841990.70564282,309774.0
2021-05-06,174160117.3245814,311380.0
2021-05-07,176209059.88134116,307988.0
2021-05-08,175184588.60296133,274691.0
2021-05-09,190551657.77865964,247866.0
2021-05-10,184404830.1083803,303297.0
2021-05-11,176209059.88134116,312115.0
2021-05-12,176209059.88134116,300452.0
2021-05-13,185896531.25400168,276472.0
2021-05-14,166839065.28467855,266055.0
2021-05-15,153143321.1195184,232099.0
2021-05-16,164348929.98192218,219435.0
2021-05-17,150653185.81676203,250910.0
2021-05-18,124506765.13781983,221018.0
2021-05-19,155633456.42227483,263419.0
2021-05-20,139447576.95435822,228039.0
2021-05-21,136957441.6516018,226351.0
2021-05-22,144427847.55987102,223800.0
2021-05-23,148163050.51400563,194320.0
2021-05-24,156878524.07365298,234755.0
2021-05-25,153143321.1195184,233644.0
2021-05-26,151898253.46814018,230753.0
2021-05-27,145672915.21124923,214035.0
2021-05-28,148163050.51400563,218311.0
2021-05-29,144427847.55987102,198332.0
2021-05-30,151858199.84334671,179795.0
2021-05-31,147526659.02062267,226469.0
2021-06-01,148572947.38247102,234561.0
2021-06-02,173683868.0668324,250589.0
2021-06-03,153804389.191713,255621.0
2021-06-04,137063775.4021388,236672.0
2021-06-05,137063775.4021388,194580.0
2021-06-06,156943254.27725816,185305.0
2021-06-07,139156352.12583557,235479.0
2021-06-08,155896965.91540977,246906.0
2021-06-09,131832333.59289683,210911.0
2021-06-10,123462026.69810976,252983.0
2021-06-11,109860277.9940807,216502.0
2021-06-12,138110063.76398718,222774.0
2021-06-13,136724465.12868512,187098.0
2021-06-14,133766696.2189013,242416.0
2021-06-15,129803238.5531561,241861.0
2021-06-16,121876323.22166562,252937.0
2021-06-17,128812374.13671976,237725.0
2021-06-18,122867187.63810194,222918.0
2021-06-19,102059034.89293952,187042.0
2021-06-20,104040763.72581212,167249.0
2021-06-21,104040763.72581212,205050.0
2021-06-22,90168661.89570382,196523.0
2021-06-23,100077306.0600669,232704.0
2021-06-24,104040763.72581212,233278.0
2021-06-25,108995085.80799364,218245.0
2021-06-26,88186933.06283121,181628.0
2021-06-27,58461000.569742054,124640.0
2021-06-28,86205204.22995861,217898.0
2021-06-29,89177797.47926754,205616.0
2021-06-30,88186933.06283121,218734.0
2021-07-01,94132119.56144907,230253.0
2021-07-02,89177797.47926754,188568.0
2021-07-03,98706076.21227616,237463.0
2021-07-04,82108836.0775171,171850.0
2021-07-05,94246664.01941094,223760.0
2021-07-06,101386562.80876024,228279.0
2021-07-07,87820755.10899657,221227.0
2021-07-08,99244593.17195547,230719.0
2021-07-09,93532674.14047602,227511.0
2021-07-10,114952370.50852396,187263.0
2021-07-11,89248734.86686642,166144.0
2021-07-12,89962724.74580133,220269.0
2021-07-13,97102623.53515066,229916.0
2021-07-14,121378279.41893831,236217.0
2021-07-15,91390704.50367121,226234.0
2021-07-16,107098481.84023969,223466.0
2021-07-17,101997588.09440474,182047.0
2021-07-18,97872242.08868839,161122.0
2021-07-19,115543619.13247934,226803.0
2021-07-20,82919538.43624988,230509.0
2021-07-21,98551910.4365265,235680.0
2021-07-22,103989257.2192314,230282.0
2021-07-23,91755226.95814537,231130.0
2021-07-24,104668925.56706952,198091.0
2021-07-25,103989257.2192314,174535.0
2021-07-26,101950252.17571706,261950.0
2021-07-27,115543619.13247934,255221.0
2021-07-28,106707930.61058386,251223.0
2021-07-29,108746935.65409821,262612.0
2021-07-30,112824945.7411269,255417.0
2021-07-31,112465862.12588961,207348.0
2021-08-01,110975800.79118258,185157.0
2021-08-02,103048957.87752669,239277.0
2021-08-03,121785132.03707698,246198.0
2021-08-04,98004603.29610927,239596.0
2021-08-05,115299533.28954034,246175.0
2021-08-06,114578911.20648071,260810.0
2021-08-07,120343887.87095772,212229.0
2021-08-08,113858289.12342106,191623.0
2021-08-09,109534556.62506332,252660.0
2021-08-10,118902643.70483847,260968.0
2021-08-11,105931446.20976518,262437.0
2021-08-12,108813934.5420037,250961.0
2021-08-13,108175319.62792763,260624.0
2021-08-14,126820808.5468918,209074.0
2021-08-15,140740165.58252627,186239.0
2021-08-16,124500915.70761941,263529.0
2021-08-17,133007189.45161822,257766.0
2021-08-18,104395177.76725851,247333.0
2021-08-19,119087832.41598378,253447.0
2021-08-20,123727618.0945286,271837.0
2021-08-21,131460594.22543663,219407.0
2021-08-22,126820808.5468918,190631.0
2021-08-23,152339629.77888831,270736.0
2021-08-24,119087832.41598378,263984.0
2021-08-25,130687447.2547367,263009.0
2021-08-26,127844614.11993943,258590.0
2021-08-27,127844614.11993943,256813.0
2021-08-28,123466373.91035247,218268.0
2021-08-29,136601094.53911337,191650.0
2021-08-30,118212485.65884812,250955.0
2021-08-31,126093318.03610466,271163.0
2021-09-01,119963781.7426829,280865.0
2021-09-02,130471558.24569161,289900.0
2021-09-03,129595910.20377423,283991.0
2021-09-04,135725446.49719596,227732.0
2021-09-05,143606278.8744525,205066.0
2021-09-06,150611463.20979166,268877.0
2021-09-07,133974150.41336119,276624.0
2021-09-08,129910433.67934506,270483.0
2021-09-09,125412870.36132078,274384.0
2021-09-10,124497447.94992428,261371.0
2021-09-11,135482516.8866823,218445.0
2021-09-12,134567094.4752858,192691.0
2021-09-13,145552163.4120438,255970.0
2021-09-14,153790965.11461234,268127.0
2021-09-15,129989982.41830327,268957.0
2021-09-16,124497447.94992428,271223.0
2021-09-17,134567094.4752858,271040.0
2021-09-18,141890473.7664578,227661.0
2021-09-19,146467585.8234403,200516.0
2021-09-20,150129275.4690263,270233.0
2021-09-21,113928907.44351819,244568.0
2021-09-22,126546633.84005067,275235.0
2021-09-23,155822347.6388684,268689.0
2021-09-24,139767923.94274256,277565.0
2021-09-25,135990412.4848306,212575.0
2021-09-26,131268523.16244063,195560.0
2021-09-27,146378568.99408844,255873.0
2021-09-28,143545435.4006545,262292.0
2021-09-29,122769122.38213871,241991.0
2021-09-30,161488614.82573634,293074.0
2021-10-01,132212901.02691859,277042.0
2021-10-02,177543038.52186212,259961.0
2021-10-03,141656679.6716985,218112.0
2021-10-04,147411968.39584854,268955.0
2021-10-05,162177735.83152118,312538.0
2021-10-06,129544410.9385932,267749.0
2021-10-07,139433297.2697835,325875.0
2021-10-08,118666635.97428384,280028.0
2021-10-09,148333294.9678548,246189.0
2021-10-10,157233292.66592607,211506.0
2021-10-11,144377740.43537864,280184.0
2021-10-12,132511076.83795026,274155.0
2021-10-13,167122178.99711636,288916.0
2021-10-14,135477742.7373074,282383.0
2021-10-15,139433297.2697835,297746.0
2021-10-16,131522188.20483124,270052.0
2021-10-17,158222181.29904512,215883.0
2021-10-18,146534419.32302314,285368.0
2021-10-19,154737198.72913387,312018.0
2021-10-20,148747371.68155453,291813.0
2021-10-21,147749067.17362463,320743.0
2021-10-22,157732112.25292358,287550.0
2021-10-23,144754153.64983496,223941.0
2021-10-24,152740589.71327412,211220.0
2021-10-25,181691420.4432411,284680.0
2021-10-26,149745676.18948442,294029.0
2021-10-27,156733807.7449937,292114.0
2021-10-28,152740589.71327412,295558.0
2021-10-29,170710070.85601225,305733.0
2021-10-30,154737198.72913387,252061.0
2021-10-31,140175299.14944655,217435.0
2021-11-01,159350397.00608382,293282.0
2021-11-02,170117315.72271112,297402.0
2021-11-03,173347391.33769932,288746.0
2021-11-04,153966937.6477702,289141.0
2021-11-05,166887240.1077229,285946.0
2021-11-06,165810548.2360602,236233.0
2021-11-07,164733856.36439747,226128.0
2021-11-08,145353402.67446837,285806.0
2021-11-09,163657164.49273473,335411.0
2021-11-10,160427088.87774655,301025.0
2021-11-11,170117315.72271112,293665.0
2021-11-12,152890245.77610743,282049.0
2021-11-13,164733856.36439747,238634.0
2021-11-14,175094161.92837763,224016.0
2021-11-15,170197841.36837798,288435.0
2021-11-16,169070703.34607086,301103.0
2021-11-17,167943565.3237637,290390.0
2021-11-18,162307875.21222803,293867.0
2021-11-19,154417909.05607805,284719.0
2021-11-20,163435013.23453516,249652.0
2021-11-21,148782218.94454235,222949.0
2021-11-22,158926461.1453066,279165.0
2021-11-23,148782218.94454235,283401.0
2021-11-24,176960669.50222084,298909.0
2021-11-25,146527942.89992806,287496.0
2021-11-26,148782218.94454235,292645.0
2021-11-27,161180737.1899209,240759.0
2021-11-28,155225116.619112,213768.0
2021-11-29,158774565.17985132,301297.0
2021-11-30,148781760.37832215,293876.0
2021-12-01,152112695.31216523,288422.0
2021-12-02,172098304.91522342,313261.0
2021-12-03,186532356.29520994,290139.0
2021-12-04,172098304.91522342,253674.0
2021-12-05,184311733.00598127,215213.0
2021-12-06,190973602.87366727,284467.0
2021-12-07,170987993.2706091,288343.0
2021-12-08,186532356.29520994,266110.0
2021-12-09,180980798.07213816,282775.0
2021-12-10,173208616.55983782,271375.0
2021-12-11,176161777.07292455,225733.0
2021-12-12,168385593.54016247,214808.0
2021-12-13,169588347.7797351,278211.0
2021-12-14,178007627.4567432,278275.0
2021-12-15,169588347.7797351,281103.0
2021-12-16,138316737.55084777,256206.0
2021-12-17,179210381.69631582,263495.0
2021-12-18,153952542.66529143,239170.0
2021-12-19,179210381.69631582,206719.0
2021-12-20,173196610.49845287,266947.0
2021-12-21,193643432.5711869,304713.0
2021-12-22,178007627.4567432,288495.0
2021-12-23,182818644.41503358,291799.0
2021-12-24,181615890.175461,260565.0
2021-12-25,177149566.7855162,207803.0
2021-12-26,161682278.52670813,198574.0
2021-12-27,178574456.88024485,249548.0
2021-12-28,161682278.52670813,265422.0
2021-12-29,174954704.37591556,276083.0
2021-12-30,143583516.00506175,245021.0
2021-12-31,179781041.0483546,269540.0
2022-01-01,207532476.9148791,186834.0
2022-01-02,190640298.56134245,196865.0
2022-01-03,168921783.5353667,234793.0
2022-01-04,177367872.71213505,274544.0
2022-01-05,180987625.21646434,272155.0
2022-01-06,176161288.5440253,264899.0
2022-01-07,168921783.5353667,255381.0
2022-01-08,174242949.24269608,223920.0
2022-01-09,170826076.6426718,210143.0
2022-01-10,172037609.10113046,266743.0
2022-01-11,191422128.4364691,277698.0
2022-01-12,168403011.72575447,271933.0
2022-01-13,216864310.0641011,274515.0
2022-01-14,192633660.89492777,270882.0
2022-01-15,201114388.10413846,234373.0
2022-01-16,212018180.23026645,216151.0
2022-01-17,195056725.81184512,258141.0
2022-01-18,164768414.35037845,265057.0
2022-01-19,209595115.3133491,270334.0
2022-01-20,204748985.47951442,271265.0
2022-01-21,175442615.30802113,272348.0
2022-01-22,177474949.66786668,250294.0
2022-01-23,186746029.1281284,203986.0
2022-01-24,198665988.43417916,270712.0
2022-01-25,201314868.2799682,265128.0
2022-01-26,172177189.9762886,261070.0
2022-01-27,173501629.89918315,255925.0
2022-01-28,203963748.12575728,264609.0
2022-01-29,197341548.51128462,231038.0
2022-01-30,193368228.74260104,207173.0
2022-01-31,189394908.97391748,263410.0
2022-02-01,203963748.12575728,272984.0
2022-02-02,202639308.20286274,278985.0
2022-02-03,194692668.66549554,265344.0
2022-02-04,172445464.54596007,247946.0
2022-02-05,157888391.82261464,258646.0
2022-02-06,206979740.54057044,219196.0
2022-02-07,180443876.3687024,262034.0
2022-02-08,204326154.12338364,276850.0
2022-02-09,185751049.20307598,265804.0
2022-02-10,195038601.66322982,260813.0
2022-02-11,188404635.6202628,258595.0
2022-02-12,248110330.00696588,228189.0
2022-02-13,209633326.9577572,208977.0
2022-02-14,202999360.9147902,247592.0
2022-02-15,232188811.50384504,273623.0
2022-02-16,206979740.54057044,266788.0
2022-02-17,213256529.5453799,255573.0
2022-02-18,186294128.8834766,261055.0
2022-02-19,207147949.28088072,220673.0
2022-02-20,200196675.81507933,200535.0
2022-02-21,171001327.25871363,237402.0
2022-02-22,211318713.36036152,260265.0
2022-02-23,208538203.974041,251275.0
2022-02-24,183513619.49715608,254139.0
2022-02-25,186294128.8834766,260340.0
2022-02-26,173781836.64503416,220423.0
2022-02-27,189074638.26979718,211164.0
2022-02-28,214099222.7466821,270918.0
2022-03-01,225221260.29196426,280634.0
2022-03-02,189074638.26979718,288657.0
2022-03-03,204908164.05639085,268244.0
2022-03-04,190365286.64550212,262101.0
2022-03-05,168452735.66472492,225321.0
2022-03-06,179409011.15511352,207116.0
2022-03-07,202691096.5721893,255441.0
2022-03-08,202691096.5721893,255771.0
2022-03-09,188995752.20920354,272805.0
2022-03-10,198582493.2632936,261553.0
2022-03-11,188995752.20920354,252383.0
2022-03-12,213647372.0625779,225148.0
2022-03-13,206799699.88108504,208092.0
2022-03-14,209538768.75368217,259592.0
2022-03-15,190365286.64550212,263178.0
2022-03-16,212277837.6262793,276390.0
2022-03-17,217523034.50856918,278800.0
2022-03-18,195149454.73662692,261318.0
2022-03-19,211525632.75648364,242424.0
2022-03-20,210160951.25482893,210547.0
2022-03-21,208796269.7531742,259912.0
2022-03-22,203337543.74655527,264569.0
2022-03-23,197878817.73993632,264182.0
2022-03-24,195149454.73662692,262987.0
2022-03-25,212890314.25813842,290719.0
2022-03-26,219713721.76641208,231031.0
2022-03-27,178773276.7167701,218202.0
2022-03-28,216984358.7631026,293304.0
2022-03-29,206066906.74986473,286940.0
2022-03-30,184232002.723389,272864.0
2022-03-31,194247387.85170582,279210.0
2022-04-01,200371606.28467658,284105.0
2022-04-02,191845154.95341378,254442.0
2022-04-03,197529455.84092233,225564.0
2022-04-04,224529885.05658796,275106.0
2022-04-05,206055907.17218518,273430.0
2022-04-06,213161283.28157085,273640.0
2022-04-07,196108380.6190452,269404.0
2022-04-08,190424079.73153663,266805.0
2022-04-09,217424508.94720227,232792.0
2022-04-10,198950531.06279945,216446.0
2022-04-11,194687305.39716807,276623.0
2022-04-12,217424508.94720227,278839.0
2022-04-13,198950531.06279945,276968.0
2022-04-14,194492275.55499536,265537.0
2022-04-15,221692722.83303383,254831.0
2022-04-16,188017878.85839576,225486.0
2022-04-17,231514552.3256366,207324.0
2022-04-18,188017878.85839576,246421.0
2022-04-19,173986693.86896327,273168.0
2022-04-20,224498959.83092037,285655.0
2022-04-21,237127026.3214096,282438.0
2022-04-22,189420997.35733905,260930.0
2022-04-23,228708315.3277501,234978.0
2022-04-24,239933263.31929615,221992.0
2022-04-25,227305196.82880685,277417.0
2022-04-26,196436589.85205528,273297.0
2022-04-27,243130347.43116814,287105.0
2022-04-28,195503620.58301136,275765.0
2022-04-29,222163205.20796743,286563.0
2022-04-30,222163205.20796743,261630.0
2022-05-01,247341701.7982037,232322.0
2022-05-02,236974085.55516526,272206.0
2022-05-03,222163205.20796743,277895.0
2022-05-04,216238853.06908828,233045.0
2022-05-05,232530821.4510059,315759.0
2022-05-06,210314500.93020916,286887.0
2022-05-07,211795588.96492898,231623.0
2022-05-08,229568645.3815663,233892.0
2022-05-09,229568645.3815663,279511.0
2022-05-10,226823707.2333046,279658.0
2022-05-11,225257597.8912952,262683.0
2022-05-12,209722591.14017138,274204.0
2022-05-13,236132102.61708185,269880.0
2022-05-14,219043595.19084564,290225.0
2022-05-15,189527082.3637104,235433.0
2022-05-16,254774110.71843037,272134.0
2022-05-17,228364599.24151993,278496.0
2022-05-18,208169090.46505895,262907.0
2022-05-19,189527082.3637104,262479.0
2022-05-20,198848086.4143847,267034.0
2022-05-21,209722591.14017138,225225.0
2022-05-22,189527082.3637104,209047.0
2022-05-23,248560108.0179809,265106.0
2022-05-24,186420081.01348567,235866.0
2022-05-25,219801139.27751222,288842.0
2022-05-26,209555369.85718095,262367.0
2022-05-27,205096744.96660265,270453.0
2022-05-28,219958827.93519703,226794.0
2022-05-29,221445036.23205647,207859.0
2022-05-30,228876077.71635368,271819.0
2022-05-31,216986411.34147817,276273.0
2022-06-01,202124328.37288374,272165.0
2022-06-02,185776037.10742992,264901.0
2022-06-03,212527786.45089987,267517.0
2022-06-04,206582953.2634621,218629.0
2022-06-05,216986411.34147817,201341.0
2022-06-06,222931244.5289159,268921.0
2022-06-07,240765744.0912292,263641.0
2022-06-08,266405768.7361438,261597.0
2022-06-09,219787040.37955952,262105.0
2022-06-10,221292431.06709072,261856.0
2022-06-11,231830165.87980935,230002.0
2022-06-12,191184617.31646615,215473.0
2022-06-13,200216961.44165352,272503.0
2022-06-14,219787040.37955952,283231.0
2022-06-15,248389463.44265285,296312.0
2022-06-16,179141491.81621632,251253.0
2022-06-17,162582194.2533728,251574.0
2022-06-18,234840947.25487182,247890.0
2022-06-19,200216961.44165352,199777.0
2022-06-20,198711570.75412232,236636.0
2022-06-21,225808603.12968442,254438.0
2022-06-22,193273708.26929793,255472.0
2022-06-23,223431040.49785998,255213.0
2022-06-24,189622396.21199957,254348.0
2022-06-25,221961099.44195303,218017.0
2022-06-26,202851865.7151624,206755.0
2022-06-27,199911983.60334843,258883.0
2022-06-28,214611394.16241816,248080.0
2022-06-29,221961099.44195303,265079.0
2022-06-30,251359920.5600925,271213.0
2022-07-01,196972101.49153444,271874.0
2022-07-02,202851865.7151624,235096.0
2022-07-03,227840863.6655809,206333.0
2022-07-04,210201570.99469727,240385.0
2022-07-05,173453044.59702292,245829.0
2022-07-06,186682514.1001857,267118.0
2022-07-07,227544125.37384427,281435.0
2022-07-08,214480636.40419686,268331.0
2022-07-09,194191927.5551512,220708.0
2022-07-10,221726603.8502846,199369.0
2022-07-11,178250799.1737582,229482.0
2022-07-12,218828216.87184954,275378.0
2022-07-13,159411283.8139301,222657.0
2022-07-14,179699992.6629758,286894.0
2022-07-15,205785475.4688916,269269.0
2022-07-16,214480636.40419686,226638.0
2022-07-17,179699992.6629758,202157.0
2022-07-18,189844347.0874986,247895.0
2022-07-19,199988701.51202142,279950.0
2022-07-20,182598379.64141086,260195.0
2022-07-21,199187652.45519632,273976.0
2022-07-22,181711862.6387281,263276.0
2022-07-23,211997173.07851613,223744.0
2022-07-24,216126988.13848722,199919.0
2022-07-25,195477912.83863172,253417.0
2022-07-26,220256803.19845834,264861.0
2022-07-27,227139828.29841012,255930.0
2022-07-28,194101307.8186414,287254.0
2022-07-29,200984332.91859323,281608.0
2022-07-30,177582047.57875702,232696.0
2022-07-31,209243963.0385354,209042.0
2022-08-01,187218282.71868956,249610.0
2022-08-02,213373778.09850645,266968.0
2022-08-03,199607727.89860287,282037.0
2022-08-04,183173748.80206442,279707.0
2022-08-05,210085555.03954557,268463.0
2022-08-06,225491829.07577893,237677.0
2022-08-07,222690688.3419183,196161.0
2022-08-08,201682132.83796376,256582.0
2022-08-09,200281562.47103348,256233.0
2022-08-10,207284414.30568495,264566.0
2022-08-11,196079851.3702425,287356.0
2022-08-12,215687836.5072668,273661.0
2022-08-13,194679281.00331223,233308.0
2022-08-14,186275858.8017304,205350.0
2022-08-15,203082703.20489404,241934.0
2022-08-16,207284414.30568495,273896.0
2022-08-17,180673577.33400917,256127.0
2022-08-18,202403376.03316846,291921.0
2022-08-19,250867150.78611156,279910.0
2022-08-20,209995536.33219454,222722.0
2022-08-21,205767438.2852376,205435.0
2022-08-22,204358072.2695853,250534.0
2022-08-23,242410954.69219768,256928.0
2022-08-24,205767438.2852376,256606.0
2022-08-25,224089196.48871768,260460.0
2022-08-26,248048418.754807,262722.0
2022-08-27,204358072.2695853,225420.0
2022-08-28,226907928.52002233,202109.0
2022-08-29,221270464.45741308,252235.0
2022-08-30,228317294.5356746,262445.0
2022-08-31,219862688.89188153,260425.0
2022-09-01,212503108.15739748,268022.0
2022-09-02,198644209.79930627,270588.0
2022-09-03,226362006.5154886,242597.0
2022-09-04,258699436.01770127,204538.0
2022-09-05,235601272.08754936,250179.0
2022-09-06,218662618.53877124,268125.0
2022-09-07,224822128.92014512,265239.0
2022-09-08,195564454.60861945,262863.0
2022-09-09,226362006.5154886,290849.0
2022-09-10,241760782.46892318,241936.0
2022-09-11,281797599.94785315,220361.0
2022-09-12,235601272.08754936,268971.0
2022-09-13,211972242.0735515,260108.0
2022-09-14,202308899.97494468,270309.0
2022-09-15,234168569.26233754,277041.0
2022-09-16,203901883.4393143,261361.0
2022-09-17,270807188.94283926,247863.0
2022-09-18,245319453.51292506,212396.0
2022-09-19,207087850.36805362,253795.0
2022-09-20,242133486.58418575,269773.0
2022-09-21,224610668.47611964,260924.0
2022-09-22,203901883.4393143,245794.0
2022-09-23,215052767.68990183,281419.0
2022-09-24,232575585.79796788,228040.0
2022-09-25,234168569.26233754,212009.0
2022-09-26,238947519.65544644,259311.0
2022-09-27,205494866.90368393,271117.0
2022-09-28,234283743.87934902,264048.0
2022-09-29,222928606.67506388,267342.0
2022-09-30,263461080.61598453,286672.0
2022-10-01,282168376.2810249,241993.0
2022-10-02,244753784.95094424,213646.0
2022-10-03,240076961.03468415,273820.0
2022-10-04,254107432.78346437,278744.0
2022-10-05,272814728.44850475,267021.0
2022-10-06,247871667.56178424,278204.0
2022-10-07,266578963.2268246,270191.0
2022-10-08,272814728.44850475,235498.0
2022-10-09,246312726.25636423,211238.0
2022-10-10,281762541.4868823,258286.0
2022-10-11,277924882.20287925,266451.0
2022-10-12,242520438.6101558,261196.0
2022-10-13,253141771.68797284,281093.0
2022-10-14,276154660.02324307,284648.0
2022-10-15,269073771.3046984,241758.0
2022-10-16,254911993.867609,212919.0
2022-10-17,265533326.94542602,260471.0
2022-10-18,251371549.5083366,257694.0
2022-10-19,267303549.1250622,263517.0
2022-10-20,256682216.04724517,263986.0
2022-10-21,276154660.02324307,270741.0
2022-10-22,240750216.43051958,233097.0
2022-10-23,274506216.9071191,217872.0
2022-10-24,249031192.74934924,264486.0
2022-10-25,223395628.7898574,248540.0
2022-10-26,283822315.2658024,306069.0
2022-10-27,247200081.03795698,267995.0
2022-10-28,291146762.1113715,283035.0
2022-10-29,261848974.7290952,252661.0
2022-10-30,247200081.03795698,222138.0
2022-10-31,316782326.0708633,284125.0
2022-11-01,263680086.4404874,276192.0
2022-11-02,223395628.7898574,257467.0
2022-11-03,300302320.6683329,297039.0
2022-11-04,236213410.7696033,281515.0
2022-11-05,276497868.4202333,257198.0
2022-11-06,250862304.46074155,223404.0
2022-11-07,263186945.48747677,264869.0
2022-11-08,297875786.9173795,295778.0
2022-11-09,272291363.5011629,292265.0
2022-11-10,268636445.8702748,292831.0
2022-11-11,244879481.2695022,284467.0
2022-11-12,305185622.17915577,239254.0
2022-11-13,235742187.19228196,227644.0
2022-11-14,224777434.2996177,242416.0
2022-11-15,283256116.39382714,283090.0
2022-11-16,274118822.31660694,268373.0
2022-11-17,252189316.5312784,248465.0
2022-11-18,254016775.34672245,282091.0
2022-11-19,268636445.8702748,260694.0
2022-11-20,272375605.3694332,229923.0
2022-11-21,236949653.97082296,270779.0
2022-11-22,231439196.90173405,253235.0
2022-11-23,258991482.2471786,273997.0
2022-11-24,236949653.97082296,254639.0
2022-11-25,225928739.83264518,258341.0
2022-11-26,200213273.51023027,229735.0
2022-11-27,249807387.13203046,222672.0
2022-11-28,255317844.20111936,262636.0
2022-11-29,240623292.0168823,271512.0
2022-11-30,253481025.1780897,271416.0
2022-12-01,281033310.52353424,285467.0
2022-12-02,229602377.87870446,271725.0
2022-12-03,240623292.0168823,250951.0
2022-12-04,257154663.22414896,219810.0
2022-12-05,268175577.36232677,274064.0
2022-12-06,231289584.01772717,262438.0
2022-12-07,292794732.7377177,272328.0
2022-12-08,284283257.94883054,263838.0
2022-12-09,258748833.58216918,265668.0
2022-12-10,262153423.49772403,241668.0
2022-12-11,250237358.793282,217788.0
2022-12-12,243428178.96217236,262646.0
2022-12-13,280878668.0332757,287224.0
2022-12-14,251939653.75105944,276441.0
2022-12-15,236618999.1310626,276713.0
2022-12-16,221298344.51106575,254176.0
2022-12-17,234916704.1732852,263200.0
2022-12-18,246832768.87772718,212673.0
2022-12-19,233961255.1644386,259096.0
2022-12-20,246114015.1556391,268893.0
2022-12-21,251387886.90897432,272491.0
2022-12-22,237324228.90008065,271181.0
2022-12-23,232050357.14674553,273926.0
2022-12-24,156458195.34894204,213339.0
2022-12-25,247871972.40675086,205314.0
2022-12-26,226776485.39341035,223504.0
2022-12-27,202165083.87784645,239359.0
2022-12-28,295336818.18676704,272949.0
2022-12-29,247871972.40675086,265955.0
2022-12-30,277757245.6756499,291015.0
2022-12-31,274241331.1734265,242325.0
2023-01-01,272483373.92231476,187516.0
2023-01-02,274241331.1734265,229347.0
2023-01-03,261883481.8059322,272055.0
2023-01-04,242356482.01087618,277936.0
2023-01-05,266083690.039913,279391.0
2023-01-06,305064103.23047346,276071.0
2023-01-07,260999288.3194051,246679.0
2023-01-08,259304487.74590245,228488.0
2023-01-09,257609687.17239982,287347.0
2023-01-10,286421296.9219445,302809.0
2023-01-11,249135684.30488667,287494.0
2023-01-12,255914886.59889722,315980.0
2023-01-13,269473291.1869182,316549.0
2023-01-14,289810898.0689498,309880.0
2023-01-15,280250606.7848099,252086.0
2023-01-16,274688843.2470833,302804.0
2023-01-17,291506527.527517,308715.0
2023-01-18,261608422.14007932,300045.0
2023-01-19,270951580.07365364,298919.0
2023-01-20,246659369.44636056,295822.0
2023-01-21,257871158.96664968,287860.0
2023-01-22,282163369.59394276,250760.0
2023-01-23,295243790.7009466,293709.0
2023-01-24,241053474.68621597,292970.0
2023-01-25,327010527.67509925,306681.0
2023-01-26,289637895.9408021,296263.0
2023-01-27,287769264.3540873,303179.0
2023-01-28,313930106.5680952,268849.0
2023-01-29,311001352.7915209,258583.0
2023-01-30,269948142.5149194,309909.0
2023-01-31,224956785.42909947,313500.0
2023-02-01,267991996.55466637,345561.0
2023-02-02,283641164.23669064,340169.0
2023-02-03,260167412.7136542,315951.0
2023-02-04,266035850.5944133,304495.0
2023-02-05,297334185.95846194,254113.0
2023-02-06,289509602.11744976,301977.0
2023-02-07,277772726.3559315,300429.0
2023-02-08,269948142.5149194,316963.0
2023-02-09,316895645.5609923,369499.0
2023-02-10,287553456.1571967,300092.0
2023-02-11,291465748.0777028,280319.0
2023-02-12,313943411.7760057,259642.0
2023-02-13,303650131.9290037,299329.0
2023-02-14,299757181.5196575,302653.0
2023-02-15,317275458.3617154,325460.0
2023-02-16,348419061.63648504,344711.0
2023-02-17,321168408.7710616,321260.0
2023-02-18,327007834.38508093,276798.0
2023-02-19,315328983.1570423,240406.0
2023-02-20,286131855.0869458,270081.0
2023-02-21,325061359.18040776,290457.0
2023-02-22,272506528.65423405,282319.0
2023-02-23,332847259.9991002,290728.0
2023-02-24,262774152.6308686,294562.0
2023-02-25,227840889.77873334,258413.0
2023-02-26,359556658.1833338,277103.0
2023-02-27,299630548.4861114,292748.0
2023-02-28,293209893.8756949,332358.0
2023-03-01,363837094.5902782,381932.0
2023-03-02,308191421.3000004,330047.0
2023-03-03,359556658.1833338,355273.0
2023-03-04,325313166.92777824,306300.0
2023-03-05,331733821.53819484,286638.0
2023-03-06,282508802.8583337,316016.0
2023-03-07,353136003.57291716,362082.0
2023-03-08,284649021.0618059,292493.0
2023-03-09,288929457.4687504,336854.0
2023-03-10,291564668.6842239,329334.0
2023-03-11,357219695.9219277,319707.0
2023-03-12,348559824.50563854,265555.0
2023-03-13,339899953.08934945,333107.0
2023-03-14,316085306.6945542,327892.0
2023-03-15,318250274.5486265,345059.0
2023-03-16,290105692.4456867,295049.0
2023-03-17,318250274.5486265,338823.0
2023-03-18,350724792.3597108,296890.0
2023-03-19,320415242.4026988,269131.0
2023-03-20,333405049.5271326,341288.0
2023-03-21,313920338.84048194,327932.0
2023-03-22,344229888.79749393,297575.0
2023-03-23,398152679.74955547,295245.0
2023-03-24,377232885.49311894,292095.0
2023-03-25,337646718.49692744,290197.0
2023-03-26,335318120.4383279,261243.0
2023-03-27,344632512.6727259,296557.0
2023-03-28,312032139.85233283,316281.0
2023-03-29,342303914.6141264,334637.0
2023-03-30,360932699.0829224,326347.0
2023-03-31,328332326.2625294,308386.0
2023-04-01,326003728.2039299,319646.0
2023-04-02,346961110.73132545,341622.0
2023-04-03,305046345.6765345,332870.0
2023-04-04,377232885.49311894,421130.0
2023-04-05,323675130.1453304,346885.0
2023-04-06,375327217.1632722,354019.0
2023-04-07,338032942.16648775,355031.0
2023-04-08,349935510.5526316,318505.0
2023-04-09,347554996.87540287,278404.0
2023-04-10,292803182.2991408,289625.0
2023-04-11,366599106.2932332,385002.0
2023-04-12,380882188.3566059,338102.0
2023-04-13,338032942.16648775,332042.0
2023-04-14,333271914.81203014,315959.0
2023-04-15,376121161.0021483,276185.0
2023-04-16,295183695.97636956,232268.0
2023-04-17,368979619.9704619,316193.0
2023-04-18,395165270.4199787,312522.0
2023-04-19,330891401.13480145,301722.0
2023-04-20,319313867.4340018,296683.0
2023-04-21,351118490.9644334,352218.0
2023-04-22,360804518.3013832,354752.0
2023-04-23,355961504.6329083,432760.0
2023-04-24,341432463.6274834,360173.0
2023-04-25,302688354.2796839,369843.0
2023-04-26,314795888.4508713,436461.0
2023-04-27,314795888.4508713,418912.0
2023-04-28,355961504.6329083,483522.0
2023-04-29,331746436.2905336,486031.0
2023-04-30,358383011.4671458,568516.0
2023-05-01,440714243.83121973,682281.0
2023-05-02,312374381.6166337,457708.0
2023-05-03,341432463.6274834,489559.0
2023-05-04,351888475.1483047,491123.0
2023-05-05,283977798.47865146,411429.0
2023-05-06,355568840.1119249,601134.0
2023-05-07,331705159.5675005,607883.0
2023-05-08,326932423.4586156,575051.0
2023-05-09,360341576.2208098,598256.0
2023-05-10,405682569.25521636,671668.0
2023-05-11,360341576.2208098,546549.0
2023-05-12,336477895.6763853,509159.0
2023-05-13,346023367.89415514,575640.0
2023-05-14,415228041.47298616,631677.0
2023-05-15,350796104.00303996,526379.0
2023-05-16,365114312.32969475,566462.0
2023-05-17,381818888.7107919,583454.0
2023-05-18,344768089.144806,476704.0
2023-05-19,369469365.7613961,515474.0
2023-05-20,322669912.76495266,423736.0
2023-05-21,371932494.8664721,486625.0
2023-05-22,354690591.1309403,499281.0
2023-05-23,379321882.1817001,519870.0
2023-05-24,347301203.81571233,405521.0
2023-05-25,371932494.8664721,460167.0
2023-05-26,376858753.07662404,532373.0
2023-05-27,357153720.2360163,471633.0
2023-05-28,394100656.8121559,496158.0
2023-05-29,399026915.0223079,550324.0
2023-05-30,379321882.1817001,515246.0
2023-05-31,349729770.9452385,421579.0
2023-06-01,336187209.4940784,355986.0
2023-06-02,417687139.0684004,479437.0
2023-06-03,331093463.8956832,381453.0
2023-06-04,376937174.2812394,364020.0
2023-06-05,351468446.2892638,359254.0
2023-06-06,384577792.6788321,462072.0
2023-06-07,343827827.89167106,433781.0
2023-06-08,392218411.07642484,407006.0
2023-06-09,430421503.0643882,387084.0
2023-06-10,392218411.07642484,365369.0
2023-06-11,415140266.2692028,399201.0
2023-06-12,399859029.4740175,370634.0
2023-06-13,374390301.4820418,410483.0
2023-06-14,312388214.96659184,330658.0
2023-06-15,385148460.1631553,423069.0
2023-06-16,398160232.4659646,512202.0
2023-06-17,364329624.47866035,475252.0
2023-06-18,392955523.5448409,439868.0
2023-06-19,369534333.3997841,415604.0
2023-06-20,353920206.636413,447715.0
2023-06-21,314884889.72798514,363280.0
2023-06-22,356522561.09697485,392041.0
2023-06-23,325294307.5702325,374001.0
2023-06-24,379943751.2420316,361437.0
2023-06-25,398160232.4659646,382769.0
2023-06-26,379943751.2420316,403979.0
2023-06-27,364329624.47866035,434858.0
2023-06-28,280545974.4417444,331278.0
2023-06-29,367574940.3012432,438193.0
2023-06-30,397786579.2301125,445197.0
2023-07-01,334845664.7949681,324274.0
2023-07-02,430515854.7363876,309920.0
2023-07-03,344916211.10459125,328114.0
2023-07-04,357504393.99162006,378556.0
2023-07-05,390233669.4978951,493478.0
2023-07-06,349951484.25940275,392688.0
2023-07-07,440586401.04601073,556014.0
2023-07-08,448139310.7782279,573697.0
2023-07-09,425480581.581576,594265.0
2023-07-10,387716032.92048943,507115.0
2023-07-11,339880937.9497796,432293.0
2023-07-12,382989765.58074266,478320.0
2023-07-13,321592673.51184636,375859.0
2023-07-14,369831574.5386234,421666.0
2023-07-15,369831574.5386234,484980.0
2023-07-16,415390536.6194682,595145.0
2023-07-17,364471696.6467593,428612.0
2023-07-18,434150109.2409926,582684.0
2023-07-19,396630963.9979439,480249.0
2023-07-20,343032185.0793028,400400.0
2023-07-21,300153161.94439,323847.0
2023-07-22,359111818.75489503,288750.0
2023-07-23,393951025.0520118,559624.0
2023-07-24,401990841.889808,529923.0
2023-07-25,369831574.5386234,462586.0
2023-07-26,381190141.57452464,452746.0
2023-07-27,358973121.2673339,413038.0
2023-07-28,364175630.2712082,449225.0
2023-07-29,343365594.25571066,423119.0
2023-07-30,437010756.32545,645854.0
2023-07-31,366776884.7731455,445666.0
2023-08-01,361574375.76927114,412219.0
2023-08-02,400593193.2983291,390768.0
2023-08-03,392789429.79251754,476007.0
2023-08-04,314751794.7344015,318486.0
2023-08-05,400593193.2983291,500723.0
2023-08-06,426605738.3177011,607275.0
2023-08-07,379783157.2828315,427534.0
2023-08-08,325156812.74215025,331194.0
2023-08-09,421650114.697692,506746.0
2023-08-10,330756213.4390739,358039.0
2023-08-11,393261324.6401588,506538.0
2023-08-12,434931398.7742153,503934.0
2023-08-13,351591250.5061022,497112.0
2023-08-14,445348917.3077294,568517.0
2023-08-15,445348917.3077294,583063.0
2023-08-16,424513880.24070114,566878.0
2023-08-17,406283222.8070514,502274.0
2023-08-18,362008769.0396163,423207.0
2023-08-19,364613148.6729948,519780.0
2023-08-20,421909500.6073226,612461.0
2023-08-21,429722639.5074582,550074.0
2023-08-22,380936887.22817194,420857.0
2023-08-23,392623891.9211836,417822.0
2023-08-24,384329020.9651023,399151.0
2023-08-25,373269193.0236605,425192.0
2023-08-26,378799106.9943814,497513.0
2023-08-27,320735010.301812,413594.0
2023-08-28,326264924.27253294,331345.0
2023-08-29,436863203.68695074,500301.0
2023-08-30,348384580.1554164,408001.0
2023-08-31,398153805.89190453,437435.0
2023-09-01,417508504.7894277,419548.0
2023-09-02,420273461.77478814,539748.0
2023-09-03,436863203.68695074,625257.0
2023-09-04,411978590.8187068,573196.0
2023-09-05,342854666.18469554,462093.0
2023-09-06,364419397.2930779,485357.0
2023-09-07,393005453.9397736,537939.0
2023-09-08,358011817.6300677,414799.0
2023-09-09,406464544.828122,597409.0
2023-09-10,395697272.1174433,558395.0
2023-09-11,427999090.2494795,459132.0
2023-09-12,379546363.0514252,462328.0
2023-09-13,395697272.1174433,512446.0
2023-09-14,436074544.7824885,576215.0
2023-09-15,506061817.40190023,703692.0
2023-09-16,417231817.5388007,593144.0
2023-09-17,401080908.4727827,611220.0
2023-09-18,419923635.7164705,635845.0
2023-09-19,385677556.7313763,493887.0
2023-09-20,414558853.7494199,551783.0
2023-09-21,391843300.11931473,431540.0
2023-09-22,366288302.28544635,441679.0
2023-09-23,442953295.78705144,629617.0
2023-09-24,414558853.7494199,441181.0
2023-09-25,411719409.5456568,285750.0
2023-09-26,386164411.7117884,309789.0
2023-09-27,445792739.99081457,337265.0
2023-09-28,414558853.7494199,378975.0
2023-09-29,417398297.95318305,330269.0
2023-09-30,391843300.11931473,275474.0
2023-10-01,400361632.7306042,320516.0
2023-10-02,445792739.99081457,344263.0
2023-10-03,466751379.41330886,310664.0
2023-10-04,373280259.4846018,287430.0
2023-10-05,401774935.7811363,319310.0
2023-10-06,455914820.74455184,298650.0
2023-10-07,487258964.67073977,244567.0
2023-10-08,421721209.1887104,242440.0
2023-10-09,444516950.225938,283648.0
2023-10-10,461613756.0038587,285060.0
2023-10-11,455914820.74455184,264600.0
2023-10-12,470162158.89281905,267090.0
2023-10-13,393226532.892176,279518.0
2023-10-14,416022273.9294035,265220.0
2023-10-15,475861094.15212595,251923.0
2023-10-16,416156889.9191482,299782.0
2023-10-17,491483968.444345,294257.0
2023-10-18,439908490.27425945,271345.0
2023-10-19,424739231.98894006,282007.0
2023-10-20,406536122.04655695,295888.0
2023-10-21,455077748.5595787,270621.0
2023-10-22,464179303.53077024,252457.0
2023-10-23,476314710.1590258,301780.0
2023-10-24,382265308.79004604,373854.0
2023-10-25,436874638.6171956,476549.0
2023-10-26,455077748.5595787,431256.0
2023-10-27,467213155.18783414,452816.0
2023-10-28,485416265.1302173,564383.0
2023-10-29,415637677.0177486,410290.0
2023-10-30,482540025.495944,463202.0
2023-10-31,481286782.8761844,433751.0
2023-11-01,462656326.7648482,463644.0
2023-11-02,447130946.6720681,403541.0
2023-11-03,422290338.52361983,452354.0
2023-11-04,521652771.1174128,698917.0
2023-11-05,506127391.02463263,673375.0
2023-11-06,394344654.35661566,439319.0
2023-11-07,412975110.4679518,450371.0
2023-11-08,462656326.7648482,583201.0
2023-11-09,444025870.65351206,573466.0
2023-11-10,478181706.85762835,523831.0
2023-11-11,496812162.9689646,627529.0
2023-11-12,506083624.1310116,703327.0
2023-11-13,389037994.7160368,428507.0
2023-11-14,443696225.37862045,523422.0
2023-11-15,475848125.7683755,561942.0
2023-11-16,475848125.7683755,628426.0
2023-11-17,482278505.8463265,536644.0
2023-11-18,479063315.80735093,629266.0
2023-11-19,546582306.6258367,710579.0
2023-11-20,533721546.46993476,640670.0
2023-11-21,488708885.9242776,522593.0
2023-11-22,456556985.5345224,535829.0
2023-11-23,472632935.72940004,587706.0
2023-11-24,540151926.5478858,623898.0
2023-11-25,511215216.1971062,617234.0
2023-11-26,492891191.48160595,578484.0
2023-11-27,439166010.2949663,479487.0
2023-11-28,496595411.64123106,447662.0
2023-11-29,459435210.7701186,360588.0
2023-11-30,452678810.6117344,411882.0
2023-12-01,570915813.3834561,496468.0
2023-12-02,429031410.0573902,429362.0
2023-12-03,557403013.066688,707876.0
2023-12-04,523621012.2747674,570395.0
2023-12-05,466191610.9285027,514962.0
2023-12-06,459435210.7701186,467795.0
2023-12-07,388493009.1070856,372050.0
2023-12-08,456057010.69092655,411456.0
2023-12-09,530377412.4331516,587398.0
2023-12-10,469318617.5512489,536175.0
2023-12-11,528635575.20314026,525486.0
2023-12-12,481794448.2864064,543162.0
2023-12-13,498523422.18524003,587920.0
2023-12-14,488486037.84593976,570985.0
2023-12-15,545364549.1019738,632636.0
2023-12-16,508560806.52454,638144.0
2023-12-17,501869216.9650066,616808.0
2023-12-18,562093523.0008074,640936.0
2023-12-19,542018754.3222071,662880.0
2023-12-20,485140243.06617314,582506.0
2023-12-21,488486037.84593976,588137.0
2023-12-22,562093523.0008074,625531.0
2023-12-23,560327733.6667341,608479.0
2023-12-24,612085087.5512694,723459.0
2023-12-25,497542848.9451839,535741.0
2023-12-26,497542848.9451839,553693.0
2023-12-27,461748399.3807821,545556.0
2023-12-28,433112839.72926086,417180.0
2023-12-29,540496188.4224659,581449.0
2023-12-30,519019518.6838249,533823.0
2023-12-31,558393413.2046669,731351.0
2024-01-01,554813968.2482265,657752.0
2024-01-02,468907289.29366255,367319.0
2024-01-03,565552303.117547,502749.0
2024-01-04,608505642.5948291,482557.0
2024-01-05,493963403.98874366,420884.0
2024-01-06,509059003.5142141,382140.0
2024-01-07,429363547.6531167,348688.0
2024-01-08,447556918.3163843,414359.0
2024-01-09,553078468.1633366,468088.0
2024-01-10,483943659.64291966,383774.0
2024-01-11,629490624.9490609,449075.0
2024-01-12,611297254.2857933,375872.0
2024-01-13,578549187.0919114,652483.0
2024-01-14,465750288.9796519,591806.0
2024-01-15,414808851.1225025,408499.0
2024-01-16,454834266.5816914,470122.0
2024-01-17,440279570.0510773,449415.0
2024-01-18,516691726.83680135,484017.0
2024-01-19,480304985.51026607,460763.0
2024-01-20,513378340.1866717,563331.0
2024-01-21,489551347.763542,600202.0
2024-01-22,559487254.5869052,457620.0
2024-01-23,538506482.5398962,368462.0
2024-01-24,524519301.1752236,372499.0
2024-01-25,632919956.7514365,340188.0
2024-01-26,531512891.8575599,493218.0
2024-01-27,597952003.3397549,597446.0
2024-01-28,559487254.5869052,636523.0
2024-01-29,545500073.2222326,575203.0
2024-01-30,503538529.1282147,523509.0
2024-01-31,458080189.69302857,444450.0
2024-02-01,535009687.19872814,413272.0
2024-02-02,676117474.0216229,429732.0
2024-02-03,566738184.6284933,515539.0
2024-02-04,581751116.6716322,336211.0
2024-02-05,585504349.682417,281482.0
2024-02-06,638049611.833403,278093.0
2024-02-07,600517281.7255559,427538.0
2024-02-08,517946155.488292,285101.0
2024-02-09,623036679.7902641,334084.0
2024-02-10,570491417.639278,399252.0
2024-02-11,514192922.47750723,329938.0
2024-02-12,671828708.9304657,409911.0
2024-02-13,506686456.4559378,313178.0
2024-02-14,521699388.49907666,296717.0
2024-02-15,605343973.9976323,303306.0
2024-02-16,544386616.4219546,312782.0
2024-02-17,609388003.457412,327713.0
2024-02-18,491572989.4556458,343417.0
2024-02-19,552511789.8013868,366108.0
2024-02-20,572824723.2499672,397096.0
2024-02-21,560636963.180819,369949.0
2024-02-22,548449203.1116709,365090.0
2024-02-23,645951283.6648567,409204.0
2024-02-24,556574376.491103,340419.0
2024-02-25,666264217.113437,418801.0
2024-02-26,540324029.7322387,356184.0
2024-02-27,524073682.9733743,387598.0
2024-02-28,605325416.7676959,413800.0
2024-02-29,540324029.7322387,407090.0
2024-03-01,608054004.3789,419284.0
2024-03-02,500960510.12181586,339311.0
2024-03-03,611408496.6053661,385447.0
2024-03-04,508849652.01349825,361258.0
2024-03-05,658743347.9554589,424347.0
2024-03-06,552239932.41775,381934.0
2024-03-07,710022770.2513928,436344.0
2024-03-08,607463925.659525,426928.0
2024-03-09,642965064.1720946,359029.0
2024-03-10,564073645.2552733,368196.0
2024-03-11,670577060.7929822,394098.0
2024-03-12,556184503.3635911,341867.0
2024-03-13,631131351.3345715,390118.0
2024-03-14,579720256.0482558,329706.0
2024-03-15,529980321.6844611,307904.0
2024-03-16,600922569.4689952,355760.0
2024-03-17,609268716.2671757,366109.0
2024-03-18,600922569.4689952,416270.0
2024-03-19,655172523.6571684,463952.0
2024-03-20,621787936.4644464,361515.0
2024-03-21,500768807.8908293,327642.0
2024-03-22,563364908.877183,339533.0
2024-03-23,650999450.2580782,326610.0
2024-03-24,709422477.8453414,331527.0
2024-03-25,550845688.6799122,317064.0
2024-03-26,559191835.4780927,317742.0
2024-03-27,567537982.2762733,355902.0
2024-03-28,630675249.3060845,428670.0
2024-03-29,595046224.9834774,449421.0
2024-03-30,640501144.9474928,490072.0
2024-03-31,566120366.8245583,319675.0
2024-04-01,619839817.691122,326410.0
2024-04-02,611575286.7885739,357709.0
2024-04-03,586781694.0809289,372978.0
2024-04-04,570252632.2758324,320607.0
2024-04-05,611575286.7885739,348637.0
2024-04-06,640501144.9474928,433591.0
2024-04-07,702485126.7166051,526130.0
2024-04-08,652897941.3013152,455617.0
2024-04-09,603310755.8860255,453811.0
2024-04-10,626404079.729565,531054.0
2024-04-11,566860609.5352726,476241.0
2024-04-12,584038203.763614,448489.0
2024-04-13,704281363.3620051,507173.0
2024-04-14,674220573.4624075,473328.0
2024-04-15,605510196.549041,503358.0
2024-04-16,708575761.9190906,454669.0
2024-04-17,588332602.3206996,385606.0
2024-04-18,622687790.7773827,418095.0
2024-04-19,648454182.1198951,393190.0
2024-04-20,558271812.4211017,631001.0
2024-04-21,601215797.9919556,641668.0
2024-04-22,652748580.6769805,671771.0
2024-04-23,721458957.5903468,927010.0
2024-04-24,671772263.1512126,606713.0
2024-04-25,630674365.8262494,526242.0
2024-04-26,578118168.6740619,442347.0
2024-04-27,613155633.4421867,452967.0
2024-04-28,613155633.4421867,487521.0
2024-04-29,573738485.5780463,403064.0
2024-04-30,617535316.5382024,498085.0
2024-05-01,578118168.6740619,478881.0
2024-05-02,635054048.9222649,559839.0
2024-05-03,564979119.3860149,442742.0
2024-05-04,617535316.5382024,660263.0
2024-05-05,608775950.3461711,625998.0
2024-05-06,534321337.7139056,519817.0
2024-05-07,534321337.7139056,372643.0
2024-05-08,556219753.1939834,450856.0
2024-05-09,613867438.0566123,517193.0
2024-05-10,599332437.5790136,713791.0
2024-05-11,657199017.7590562,719306.0
2024-05-12,545599184.5546882,557164.0
2024-05-13,607599091.8904481,554780.0
2024-05-14,562132493.1775575,422043.0
2024-05-15,582799128.9561441,493012.0
2024-05-16,586932456.1118613,476659.0
2024-05-17,640665709.1361867,573492.0
2024-05-18,529065875.9318188,401264.0
2024-05-19,636532381.9804695,644119.0
2024-05-20,644799036.2919042,626995.0
2024-05-21,570399147.4889922,545041.0
2024-05-22,632399054.8247522,583279.0
2024-05-23,706194547.0096976,744761.0
2024-05-24,671140034.7624127,736439.0
2024-05-25,671140034.7624127,835040.0
2024-05-26,704697036.5005332,852655.0
2024-05-27,515938901.7236049,551610.0
2024-05-28,562079779.1135205,596790.0
2024-05-29,574663654.7653158,725428.0
2024-05-30,515938901.7236049,510417.0
2024-05-31,620804532.1552316,701471.0
2024-06-01,591442155.634376,740030.0
2024-06-02,587247530.4171109,729202.0
2024-06-03,658556159.1106174,769224.0
2024-06-04,562079779.1135205,627980.0
2024-06-05,515938901.7236049,562049.0
2024-06-06,554910858.050012,613472.0
2024-06-07,590944002.9609013,263982.0
2024-06-08,715791327.5301057,509927.0
2024-06-09,636721355.302943,767920.0
2024-06-10,578459270.5039809,658037.0
2024-06-11,511874030.7337383,463737.0
2024-06-12,607590312.9034619,690560.0
2024-06-13,603428735.4178218,731254.0
2024-06-14,532681918.1619392,604349.0
2024-06-15,557651383.07578,452945.0
2024-06-16,678337130.1593444,461748.0
2024-06-17,582620847.9896209,441215.0
2024-06-18,632559777.8173028,617202.0
2024-06-19,570136115.5327007,634554.0
2024-06-20,553323137.1046984,532756.0
2024-06-21,582332779.002438,592843.0
2024-06-22,632247017.2026471,681420.0
2024-06-23,465866223.2019504,492352.0
2024-06-24,632247017.2026471,528326.0
2024-06-25,515780461.4021594,536347.0
2024-06-26,503301901.8521072,490817.0
2024-06-27,540737580.5022639,414624.0
2024-06-28,561535179.7523509,593984.0
2024-06-29,653044616.4527341,712249.0
2024-06-30,503301901.8521072,505127.0
2024-07-01,586492298.8524554,611062.0
2024-07-02,615608937.8025774,592285.0
2024-07-03,603130378.2525251,545044.0
2024-07-04,582332779.002438,538097.0
2024-07-05,481691507.2021622,490537.0
2024-07-06,652035052.9717106,658042.0
2024-07-07,557193590.72128,673752.0
2024-07-08,628324687.409103,593010.0
2024-07-09,608566049.4402633,654037.0
2024-07-10,537434952.7524403,631745.0
2024-07-11,553241863.127512,642066.0
2024-07-12,592759139.0651915,658355.0
2024-07-13,608566049.4402633,735686.0
2024-07-14,659938508.1592464,586548.0
2024-07-15,604614321.8464954,552901.0
2024-07-16,580903956.2838876,529056.0
2024-07-17,628324687.409103,615870.0
2024-07-18,515102118.23597115,445574.0
2024-07-19,599556361.5235602,507940.0
2024-07-20,672971426.1999145,680335.0
2024-07-21,689285885.0168821,859629.0
2024-07-22,730072032.0593011,824999.0
2024-07-23,689285885.0168821,838977.0
2024-07-24,571006058.5938667,596458.0
2024-07-25,664814196.7914306,719711.0
2024-07-26,652578352.6787051,459067.0
2024-07-27,628106664.4532535,445730.0
2024-07-28,603634976.227802,753703.0
2024-07-29,725993417.3550591,826129.0
2024-07-30,611792205.6362859,683096.0
2024-07-31,613215974.0238556,562819.0
2024-08-01,630987879.9602102,544430.0
2024-08-02,563382035.6787592,410113.0
2024-08-03,608452598.53306,504062.0
2024-08-04,644509048.8165007,524595.0
2024-08-05,703100780.5270916,548857.0
2024-08-06,630987879.9602102,485173.0
2024-08-07,549860866.8224689,380097.0
2024-08-08,581410260.8204794,487399.0
2024-08-09,585917317.1059096,396419.0
2024-08-10,581410260.8204794,548777.0
2024-08-11,725636061.954242,644814.0
2024-08-12,617466711.1039201,450024.0
2024-08-13,671551386.529081,579618.0
2024-08-14,594742777.8026003,504701.0
2024-08-15,690944705.8016886,660924.0
2024-08-16,613213426.3989986,575811.0
2024-08-17,643442257.2778225,702540.0
2024-08-18,673671088.1566465,769702.0
2024-08-19,561392573.463872,553394.0
2024-08-20,647760661.689083,717337.0
2024-08-21,634805448.4553014,687685.0
2024-08-22,690944705.8016886,795102.0
2024-08-23,708218323.4467307,799839.0
2024-08-24,660715874.9228647,794380.0
2024-08-25,574347786.6976537,705838.0
2024-08-26,578666191.1089141,600722.0
2024-08-27,613213426.3989986,673811.0
2024-08-28,703794017.3679069,733530.0
2024-08-29,587091196.5963086,524362.0
2024-08-30,631567802.399059,542101.0
2024-08-31,653806105.3004345,701952.0
2024-09-01,631567802.399059,651871.0
2024-09-02,742759316.9059358,754904.0
2024-09-03,662701426.4609846,582751.0
2024-09-04,671596747.6215348,722736.0
2024-09-05,689387389.9426349,721251.0
2024-09-06,644910784.1398844,667267.0
2024-09-07,702730371.68346,781426.0
2024-09-08,742759316.9059358,910083.0
2024-09-09,644910784.1398844,572398.0
2024-09-10,609329499.4976839,568630.0
2024-09-11,495458846.64224994,411402.0
2024-09-12,700222814.5578787,563521.0
2024-09-13,566627672.3067043,419047.0
2024-09-14,640335336.9970075,638989.0
2024-09-15,695616085.5147347,712474.0
2024-09-16,575841130.3929921,504540.0
2024-09-17,691009356.4715909,539113.0
2024-09-18,635728607.9538636,541476.0
2024-09-19,562020943.2635604,455707.0
2024-09-20,667975711.255871,526390.0
2024-09-21,621908420.8244318,557444.0
2024-09-22,626515149.8675756,628230.0
2024-09-23,672582440.299015,580102.0
2024-09-24,667975711.255871,532220.0
2024-09-25,657005311.2676694,503460.0
2024-09-26,571298868.1801282,474766.0
2024-09-27,602061114.928289,451723.0
2024-09-28,566904261.5018196,507707.0
2024-09-29,681164035.1378452,687427.0
2024-09-30,602061114.928289,594224.0
2024-10-01,689953248.4944626,632894.0
2024-10-02,681164035.1378452,590981.0
2024-10-03,694347855.1727712,582777.0
2024-10-04,742688528.6341666,561425.0
2024-10-05,663585608.4246106,757575.0
2024-10-06,667980215.1029191,742158.0
2024-10-07,681164035.1378452,717700.0
2024-10-08,733899315.2775493,719458.0
2024-10-09,574966972.3426994,536887.0
2024-10-10,709250575.4670075,746211.0
2024-10-11,640613423.0024583,633252.0
2024-10-12,654340853.4953684,736321.0
2024-10-13,631461802.673852,648739.0
2024-10-14,636037612.8381552,611683.0
2024-10-15,713826385.6313109,646891.0
2024-10-16,645189233.1667618,708342.0
2024-10-17,718402195.7956142,653027.0
2024-10-18,622310182.3452455,474279.0
2024-10-19,791615158.4244666,735561.0
2024-10-20,791615158.4244666,778073.0
2024-10-21,782463538.0958601,835011.0
2024-10-22,638125714.2515116,700174.0
2024-10-23,718143298.2753785,665187.0
2024-10-24,699119634.7449049,681834.0
2024-10-25,727655130.0406153,524014.0
2024-10-26,694363718.8622864,597744.0
2024-10-27,765702457.1015625,700814.0
2024-10-28,798993868.2798914,702824.0
2024-10-29,746678793.571089,614981.0
2024-10-30,803749784.1625097,682099.0
2024-10-31,751434709.4537071,562237.0
2024-11-01,727655130.0406153,547888.0
2024-11-02,670584139.4491944,544612.0
2024-11-03,627780896.505629,455402.0
2024-11-04,720519107.2542773,456826.0
2024-11-05,702351988.6923242,465286.0
2024-11-06,773092476.7620546,501641.0
2024-11-07,788251152.776997,553047.0
2024-11-08,717510664.7072663,497146.0
2024-11-09,702351988.6923242,577368.0
2024-11-10,747828016.7371509,558278.0
2024-11-11,687193312.6773819,462458.0
2024-11-12,737722232.7271894,503677.0
2024-11-13,697299096.6873435,570979.0
2024-11-14,641717284.6325549,503566.0
2024-11-15,757933800.7471123,562223.0
2024-11-16,793304044.7819778,602655.0
2024-11-17,757933800.7471123,598496.0
2024-11-18,789177471.4803329,673308.0
2024-11-19,889845955.1158988,810805.0
2024-11-20,747470602.2973549,664866.0
2024-11-21,732216100.2096539,498512.0
2024-11-22,727131266.1804202,540305.0
2024-11-23,701707096.0342517,444699.0
2024-11-24,681367759.9173166,463289.0
2024-11-25,859336950.9404964,604870.0
2024-11-26,706791930.0634853,475689.0
2024-11-27,676282925.8880831,462119.0
2024-11-28,722046432.1511863,523480.0
2024-11-29,615264917.5372787,341781.0
2024-11-30,833912780.7943279,640943.0
2024-12-01,803403776.6189257,698223.0
2024-12-02,649582756.2207783,311811.0
2024-12-03,811042070.6273791,439519.0
2024-12-04,759383340.0141702,502912.0
2024-12-05,800710324.5047373,512490.0
2024-12-06,702558736.3396405,414643.0
2024-12-07,733553974.7075658,456101.0
2024-12-08,754217466.9528493,420320.0
2024-12-09,862700801.2405878,403264.0
2024-12-10,795544451.4434165,441944.0
2024-12-11,733553974.7075658,481168.0
2024-12-12,764549213.0754911,474978.0
2024-12-13,878198420.4245505,523585.0
2024-12-14,821373816.7500207,517482.0
2024-12-15,707724609.4009614,378527.0
2024-12-16,796354777.917631,412747.0
2024-12-17,733677850.1420219,419707.0
2024-12-18,776835370.7386113,414366.0
2024-12-19,782230060.8131851,437574.0
2024-12-20,814598201.2606272,398670.0
2024-12-21,782230060.8131851,330225.0
2024-12-22,836176961.5589218,336217.0
2024-12-23,749861920.3657429,292681.0
2024-12-24,712099089.8437271,326570.0
2024-12-25,814598201.2606272,405831.0
2024-12-26,706704399.7691535,298916.0
2024-12-27,852361031.782643,348241.0
2024-12-28,771440680.6640378,298580.0
2024-12-29,853049703.3260739,419112.0
2024-12-30,867710155.9849901,374721.0
2024-12-31,703991258.6293316,312513.0
2025-01-01,764021520.9930731,292213.0
2025-01-02,911368528.6131656,402440.0
2025-01-03,774936114.1501169,409341.0
2025-01-04,813137190.1997707,432302.0
2025-01-05,851338266.2494245,433954.0
2025-01-06,725820444.9434196,366260.0
2025-01-07,731277741.5219413,352121.0
2025-01-08,682162072.3152436,399976.0
2025-01-09,829509079.9353366,534013.0
2025-01-10,774936114.1501169,408769.0
2025-01-11,753106927.8360293,361190.0
2025-01-12,939753829.6056751,380525.0
2025-01-13,702796044.3776932,408248.0
2025-01-14,845551490.8919123,352684.0
2025-01-15,763192579.4414012,354014.0
2025-01-16,702796044.3776932,375439.0
2025-01-17,823589114.5051093,425661.0
2025-01-18,713777232.5710948,360666.0
2025-01-19,823589114.5051093,388509.0
2025-01-20,834570302.6985108,350291.0
2025-01-21,730249014.861197,324412.0
2025-01-22,823589114.5051093,432369.0
2025-01-23,746720797.1512991,326010.0
2025-01-24,768683173.5381019,369243.0
2025-01-25,702796044.3776932,338988.0
2025-01-26,752211391.2479999,309651.0
2025-01-27,841602268.6110247,332102.0
2025-01-28,795344639.2008113,305953.0
2025-01-29,832962291.0549035,355332.0
2025-01-30,779222788.4062003,335134.0
2025-01-31,671743783.1087936,328684.0
2025-02-01,988806848.7361435,357439.0
2025-02-02,918945495.2928294,383258.0
2025-02-03,822214390.5251629,360484.0
2025-02-04,703987484.6980155,308619.0
2025-02-05,773848838.1413299,381126.0
2025-02-06,779222788.4062003,428326.0
2025-02-07,929693395.8225701,498394.0
2025-02-08,859832042.3792553,469138.0
2025-02-09,795293751.4100475,385420.0
2025-02-10,788864727.616627,359522.0
2025-02-11,703735440.4637535,337513.0
2025-02-12,754813012.7554775,386539.0
2025-02-13,896695158.0102665,379906.0
2025-02-14,862643443.1491172,346002.0
2025-02-15,908045729.6306497,306930.0
2025-02-16,856968157.3389257,300091.0
2025-02-17,777514155.996244,333466.0
2025-02-18,794540013.4268184,422709.0
2025-02-19,715086012.0841366,448569.0
2025-02-20,737787155.324903,480465.0
2025-02-21,732111869.5147113,459909.0
2025-02-22,788864727.616627,551849.0
2025-02-23,728533880.978175,572814.0
2025-02-24,714530229.8374169,514086.0
2025-02-25,807968798.3546175,497063.0
2025-02-26,862932662.1882651,403575.0
2025-02-27,824457957.5047117,325162.0
2025-02-28,857436275.8049003,386183.0
2025-03-01,791479639.2045234,290895.0
2025-03-02,692544684.3039575,264912.0
2025-03-03,824457957.5047117,374224.0
2025-03-04,802472411.9712528,304773.0
2025-03-05,736515775.3708757,309176.0
2025-03-06,934385685.1720064,370349.0
2025-03-07,780486866.4377937,313588.0
2025-03-08,753004934.5209701,292451.0
2025-03-09,878012411.8108668,300380.0
2025-03-10,858547242.188255,446224.0
2025-03-11,769347528.7141508,376740.0
2025-03-12,852972260.0961236,428828.0
2025-03-13,886422152.6489124,532638.0
2025-03-14,791647457.0826768,439189.0
2025-03-15,735897636.1613616,473428.0
2025-03-16,808372403.3590714,471115.0
2025-03-17,780497492.8984137,380493.0
2025-03-18,791647457.0826768,369237.0
2025-03-19,847397278.0039921,441661.0
2025-03-20,791647457.0826768,337973.0
2025-03-21,808372403.3590714,321230.0
2025-03-22,836247313.819729,413839.0
2025-03-23,876571559.8921037,533755.0
2025-03-24,870857131.0489082,483673.0
2025-03-25,842582548.8719956,505859.0
2025-03-26,859547298.1781431,515068.0
2025-03-27,836927632.4366131,437476.0
2025-03-28,870857131.0489082,397685.0
2025-03-29,797343217.3889353,290139.0
2025-03-30,774723551.6474054,305206.0
2025-03-31,836927632.4366131,318279.0
2025-04-01,763413718.7766403,356323.0
2025-04-02,972645626.8857933,399055.0
2025-04-03,859547298.1781431,392043.0
2025-04-04,1017884958.3688537,429861.0
2025-04-05,948981343.907835,293474.0
2025-04-06,875826848.0097468,279475.0
2025-04-07,875826848.0097468,309387.0
2025-04-08,924148329.2792498,363972.0
2025-04-09,791264255.7881161,317312.0
2025-04-10,869786662.851059,322464.0
2025-04-11,893947403.4858105,405030.0
2025-04-12,869786662.851059,409511.0
2025-04-13,1038911847.2943201,455139.0
2025-04-14,899987588.6444983,441688.0
2025-04-15,869786662.851059,442899.0
2025-04-16,893947403.4858105,507129.0
2025-04-17,924148329.2792498,557181.0
2025-04-18,821465181.5815556,508733.0
2025-04-19,847396221.1293446,545076.0
2025-04-20,753499802.4397362,468737.0
2025-04-21,771877846.401681,444986.0
2025-04-22,949532271.367147,518267.0
2025-04-23,698365670.5539016,418203.0
2025-04-24,863768066.2114046,464739.0
2025-04-25,882146110.1733494,392451.0
2025-04-26,814759948.9795519,321357.0
2025-04-27,827011978.2875152,441827.0
2025-04-28,863768066.2114046,409765.0
2025-04-29,894398139.4813126,467725.0
2025-04-30,808633934.3255703,350729.0
2025-05-01,827011978.2875152,331199.0
2025-05-02,974036329.9830736,379268.0
2025-05-03,999957994.4593519,389717.0
2025-05-04,823060870.7158544,347977.0
2025-05-05,1036227714.9300332,402262.0
2025-05-06,817139569.4876828,332218.0
2025-05-07,894116485.453914,343011.0
2025-05-08,941486895.2792871,373813.0
2025-05-09,828982171.944026,334543.0
2025-05-10,888195184.2257423,331074.0
2025-05-11,882273882.9975705,281756.0
2025-05-12,858588678.0848842,378285.0
2025-05-13,769769159.6623099,295785.0
2025-05-14,852667376.8567126,326818.0
2025-05-15,864509979.3130558,374153.0
2025-05-16,805296967.0313396,363786.0
2025-05-17,853317480.0820746,291797.0
2025-05-18,979723251.2998109,629314.0
2025-05-19,852722089.09428,585883.0
2025-05-20,895055809.829457,569769.0
2025-05-21,870865112.2664988,422191.0
2025-05-22,907151158.610936,467803.0
2025-05-23,937389530.5646338,444625.0
2025-05-24,852722089.09428,395420.0
2025-05-25,913198833.0016756,356355.0
2025-05-26,925294181.7831548,358290.0
2025-05-27,852722089.09428,422984.0
2025-05-28,991818600.0812899,541153.0
2025-05-29,961580228.1275918,382859.0
2025-05-30,937389530.5646338,396232.0
2025-05-31,1016284104.8877773,299392.0
2025-06-01,839539043.1681639,256072.0
2025-06-02,839539043.1681639,346488.0
2025-06-03,908974603.1294405,358895.0
2025-06-04,795352777.73826,337037.0
2025-06-05,845851366.801007,320509.0
2025-06-06,845851366.801007,298643.0
2025-06-07,902662279.4965969,290718.0
2025-06-08,965785515.8250304,307505.0
2025-06-09,883725308.5980667,361275.0
2025-06-10,1066782693.9505239,428797.0
2025-06-11,890037632.2309102,347263.0
2025-06-12,934223897.6608136,425413.0
2025-06-13,915286926.7622839,351499.0
2025-06-14,949216466.5546213,273850.0
2025-06-15,854616743.0404905,281934.0
2025-06-16,917456209.4405266,361092.0
2025-06-17,741505703.5204258,354536.0
2025-06-18,879752529.6005048,441317.0
2025-06-19,798061223.2804582,308332.0
2025-06-20,948875942.6405447,353459.0
2025-06-21,886036476.2405084,309613.0
2025-06-22,672382290.480386,265421.0
2025-06-23,672382290.480386,290678.0
2025-06-24,735221756.880422,279124.0
2025-06-25,898604369.5205159,387919.0
2025-06-26,986579622.4805663,504341.0
2025-06-27,722653863.6004148,335434.0
2025-06-28,911172262.800523,388943.0
2025-06-29,995260121.1336331,380608.0
2025-06-30,843035679.3574839,339268.0
2025-07-01,779081248.5096745,325613.0
2025-07-02,889547992.701345,366147.0
2025-07-03,877919914.3653797,361041.0
2025-07-04,924432227.709241,366873.0
2025-07-05,912804149.3732755,427456.0
2025-07-06,930246266.8772235,506401.0
2025-07-07,877919914.3653797,360355.0
2025-07-08,825593561.8535358,354753.0
2025-07-09,953502423.549154,444726.0
2025-07-10,994200697.7250328,446575.0
2025-07-11,872105875.197397,408758.0
2025-07-12,918141001.6128464,395744.0
2025-07-13,859946006.057642,399761.0
2025-07-14,910161831.228891,457360.0
2025-07-15,1029424416.010608,418737.0
2025-07-16,822284137.1792051,399196.0
2025-07-17,853669027.9112357,433844.0
2025-07-18,903884853.0824848,452162.0
2025-07-19,891330896.7896729,426040.0
2025-07-20,935269743.8145157,414919.0
2025-07-21,941546721.960922,384438.0
2025-07-22,941546721.960922,421750.0
2025-07-23,878776940.4968604,366826.0
2025-07-24,922715787.5217032,409736.0
2025-07-25,1004316503.4249833,427905.0
2025-07-26,970032969.1338755,573275.0
2025-07-27,869131963.3112651,472894.0
2025-07-28,919884194.7454995,502252.0
2025-07-29,710531240.0792824,350960.0
2025-07-30,869131963.3112651,423333.0
2025-07-31,976980455.1090133,485215.0
2025-08-01,957948368.3211753,400385.0
2025-08-02,919884194.7454995,309743.0
2025-08-03,983324484.0382924,283479.0
2025-08-04,1084828946.9067616,443301.0
2025-08-05,875475992.2405444,411399.0
2025-08-06,913540165.8162203,496208.0
2025-08-07,1021388657.6139685,565200.0
2025-08-08,870485436.2761792,474798.0
2025-08-09,746374213.3917352,376121.0
2025-08-10,868625162.1369333,400467.0
2025-08-11,945836287.6602162,449633.0
2025-08-12,881493683.0574806,367063.0
2025-08-13,1003744631.8026783,441094.0
2025-08-14,1042350194.56432,484085.0
2025-08-15,862190901.6766596,430405.0
2025-08-16,978007589.9615842,401706.0
2025-08-17,978007589.9615842,440879.0
2025-08-18,990876110.8821313,478104.0
2025-08-19,862190901.6766596,412417.0
2025-08-20,907230724.8985746,424869.0
2025-08-21,958704808.5807632,447767.0
2025-08-22,939585701.641628,459717.0
2025-08-23,980001769.6141683,467080.0
2025-08-24,1057370330.3731811,525890.0
2025-08-25,909080588.9184059,482127.0
2025-08-26,967107009.4876657,456605.0
2025-08-27,967107009.4876657,499276.0
2025-08-28,1025133430.0569257,575612.0
2025-08-29,1063817710.4364324,596157.0
2025-08-30,1018686049.9936746,628513.0
2025-08-31,851054168.3491462,472908.0
2025-09-01,1038028190.1834283,598757.0
2025-09-02,1050922950.3099302,592659.0
2025-09-03,883291068.6654017,411173.0
2025-09-04,902633208.8551546,395181.0
2025-09-05,957592801.7399701,416432.0
2025-09-06,946761026.3534616,441035.0
2025-09-07,1041437128.988808,586276.0
2025-09-08,1082012601.5468137,567934.0
2025-09-09,1129350652.8644862,619514.0
2025-09-10,1149638389.1434891,643239.0
2025-09-11,1014386813.9501374,598468.0
2025-09-12,811509451.1601102,396513.0
2025-09-13,953523605.1131293,533108.0
2025-09-14,1034674550.2291405,534198.0
2025-09-15,1102300337.8258162,535154.0
2025-09-16,1082012601.5468137,536633.0
2025-09-17,865610081.2374508,362913.0
2025-09-18,1087599379.1411881,448521.0
2025-09-19,1188749380.7897809,478312.0
2025-09-20,1082611043.2192645,498549.0
2025-09-21,1146294045.7615743,513490.0
2025-09-22,1061383375.7051616,456797.0
2025-09-23,1018928040.676955,495947.0
2025-09-24,1082611043.2192645,522936.0
2025-09-25,997700373.1628518,431725.0
2025-09-26,934017370.6205422,419078.0
2025-09-27,1096762821.5620003,526116.0
2025-09-28,1167521713.2756777,635424.0
2025-09-29,990624483.9914839,444460.0
2025-09-30,1139218156.5902066,555361.0
2025-10-01,1076906913.283782,473880.0
2025-10-02,1019764936.475331,381586.0
2025-10-03,884796047.8241848,387726.0
2025-10-04,1004768393.2918702,422031.0
2025-10-05,1117242467.1678262,525372.0
2025-10-06,922287405.7828363,431274.0
2025-10-07,1034761479.6587919,430492.0
2025-10-08,1109744195.5760958,427474.0
2025-10-09,899792591.007645,367782.0
2025-10-10,989771850.1084098,418155.0
2025-10-11,1102245923.9843652,444087.0
2025-10-12,1087249380.8009045,463487.0
2025-10-13,1139737281.943017,491572.0
2025-10-14,1267207899.0024335,562791.0
2025-10-15,1079751109.2091742,480244.0
2025-10-16,1124278123.987008,497400.0
2025-10-17,1159633832.2093213,480068.0
2025-10-18,1203393599.4625034,564018.0
2025-10-19,1013767941.3653816,443253.0
2025-10-20,1086700886.7873514,424653.0
2025-10-21,1093994181.3295484,429039.0
2025-10-22,1115874064.956139,489141.0
2025-10-23,1035647824.9919723,426260.0
2025-10-24,1305499723.053261,571212.0
2025-10-25,1166927126.751518,504399.0
2025-10-26,1072114297.7029574,521328.0
2025-10-27,1072114297.7029574,507349.0
2025-10-28,1181513715.835912,524707.0
2025-10-29,929747081.6588961,392028.0
2025-10-30,1240553837.6668227,554058.0
2025-10-31,1085484607.9584696,460063.0
2025-11-01,1069977684.9876347,391320.0
2025-11-02,1201786530.2397344,408092.0
2025-11-03,1100991530.929305,447703.0
2025-11-04,1015703454.5897113,375984.0
2025-11-05,1069977684.9876347,396072.0
2025-11-06,1085484607.9584696,416278.0
2025-11-07,1100991530.929305,476245.0
2025-11-08,930415378.2501172,351420.0
2025-11-09,1093238069.4438875,466347.0
2025-11-10,1085484607.9584696,449593.0
2025-11-11,1186279607.2688992,481949.0
2025-11-12,1086613750.3494294,451023.0
2025-11-16,1203542966.8475492,581852.0
2025-11-17,938612125.0886546,415543.0
2025-11-18,1006737198.683799,317239.0
2025-11-19,1037015009.1705301,361791.0
2025-11-20,991598293.4404337,361895.0
2025-11-21,1142987345.8740876,413267.0
2025-11-22,1082431724.900626,472342.0
2025-11-23,1074862272.2789433,317173.0
2025-11-24,1082431724.900626,400125.0
2025-11-25,870487051.4935104,350825.0
2025-11-26,1241390229.9559624,477042.0
2025-11-27,1061465507.6302311,403825.0
2025-11-28,1113270480.6428328,511691.0
2025-11-29,1016787038.987121,400703.0
2025-11-30,1239441135.1156871,517534.0
2025-12-01,987099826.1699785,402123.0
2025-12-02,942569006.9442655,412650.0
2025-12-03,979678022.9656931,429624.0
2025-12-04,979678022.9656931,414109.0
2025-12-05,883194581.309981,356330.0
2025-12-06,1209753922.2985451,527061.0
2025-12-07,1187488512.6856885,543191.0
2025-12-08,1098426874.2342618,580273.0
2025-12-09,957412613.3528363,448961.0
2025-12-10,1150379496.6642606,550483.0
2025-12-11,1179902024.3226545,472857.0
2025-12-12,1068190154.3848839,417151.0
2025-12-13,1053456497.083023,495923.0
2025-12-14,942954067.3190697,416686.0
2025-12-15,987155039.2246507,423355.0
2025-12-16,1082923811.686744,443734.0
2025-12-17,1016622353.8283721,446512.0
2025-12-18,1060823325.7339536,463881.0
2025-12-19,1068190154.3848839,434180.0
2025-12-20,1082923811.686744,440896.0
2025-12-21,1016622353.8283721,441101.0
2025-12-22,1023989182.4793022,427277.0
2025-12-23,1068190154.3848839,431004.0
2025-12-24,1171325755.4979067,501255.0
2025-12-25,1016973817.768314,464027.0
2025-12-26,1149714808.6043208,517078.0
2025-12-27,1002315474.1678696,470913.0
2025-12-28,1142344841.882498,543992.0
2025-12-29,1134974875.1606758,547262.0
2025-12-30,877026039.8968855,369499.0
2025-12-31,980205574.0024016,408137.0
2026-01-01,1112864974.9952078,469099.0
2026-01-02,1061275207.9424502,458965.0
2026-01-03,1142344841.882498,501272.0
2026-01-04,1068645174.6642727,474589.0
2026-01-05,972835607.2805791,409625.0
2026-01-06,958095673.8369341,424895.0
2026-01-07,1083385108.1079175,425191.0
2026-01-08,965289669.1289088,334415.0
2026-01-09,1033929118.9983668,355655.0
2026-01-10,1179552938.5756013,488786.0
2026-01-11,888305299.4211321,290317.0
2026-01-12,1033929118.9983668,411249.0
2026-01-13,982960782.146335,336329.0
2026-01-14,902867681.3788556,324327.0
2026-01-15,1012085546.0617816,374223.0
2026-01-16,946554827.2520258,361943.0
2026-01-17,1084897455.850399,357391.0
2026-01-18,1019366737.0406432,332526.0
2026-01-19,1092178646.8292608,354595.0
2026-01-20,968398400.1886113,383148.0
2026-01-21,997523164.104058,428195.0
2026-01-22,1163912656.954194,464040.0
2026-01-23,985930374.4704596,436563.0
2026-01-24,690151262.1293219,289144.0
2026-01-25,760574860.3057833,314920.0
2026-01-26,873252617.3881215,402432.0
2026-01-27,859167897.7528292,362327.0
2026-01-28,774659579.9410756,336095.0
2026-01-29,901422056.6587061,428725.0
2026-01-30,922549136.1116446,380796.0
2026-01-31,971845654.8351676,405402.0
2026-02-01,838040818.299891,352779.0
2026-02-02,830998458.4822448,357323.0
2026-02-03,929591495.9292907,435461.0
2026-02-04,1000015094.105752,411218.0
2026-02-05,894379696.8410602,384550.0
2026-02-06,1021142173.5586905,410157.0
2026-02-07,1116396723.6283798,494507.0
2026-02-08,1063649660.9826868,507211.0
2026-02-09,1019852322.0010467,402013.0
2026-02-10,900973830.4794525,385928.0
2026-02-11,982311745.7310699,455182.0
2026-02-12,1107446999.964327,484938.0
2026-02-13,944771169.4610924,529750.0
2026-02-14,1038622610.1360354,537394.0
2026-02-15,1232582254.1975844,701969.0
2026-02-16,1094933474.5410013,526061.0
2026-02-17,1032365847.4243727,659135.0
2026-02-18,957284694.8844184,507143.0
2026-02-19,1020622252.4872998,512501.0
2026-02-20,983397435.8766681,413542.0
2026-02-21,854191933.352726,350751.0
2026-02-22,1177205689.6625803,529495.0
2026-02-23,1062356354.0857433,453671.0
2026-02-24,1184383773.1361327,566873.0
2026-02-25,1119781021.874162,485381.0
2026-02-26,1004931686.2973247,425509.0
2026-02-27,1012109769.7708769,415510.0
2026-02-28,1026465936.7179816,424909.0
2026-03-01,1069534437.5592955,462687.0
2026-03-02,976219352.4031156,422366.0
2026-03-03,961863185.4560106,381186.0
2026-03-04,933150851.5618018,377812.0
2026-03-05,1192841923.7049837,464513.0
2026-03-06,1052672432.0364789,442642.0
2026-03-07,951731239.9233917,437720.0
2026-03-08,966151410.2252611,453532.0
2026-03-09,994991750.8290006,415576.0
2026-03-10,994991750.8290006,381301.0
2026-03-11,1002201835.9799352,401926.0
2026-03-12,930100984.4705875,449282.0
2026-03-13,872420303.2631093,399857.0
2026-03-14,922890899.3196526,439447.0
2026-03-15,901260643.8668482,407207.0
2026-03-16,901260643.8668482,405364.0
2026-03-17,915680814.1687176,372893.0
2026-03-18,1002201835.9799352,441086.0
2026-03-19,966151410.2252611,442571.0
2026-03-20,958881917.8174205,423312.0
2026-03-21,917823292.9611512,488238.0
2026-03-22,1077444735.2152646,629923.0
2026-03-23,1064142948.360755,540923.0
2026-03-24,831361678.4068401,382745.0
2026-03-25,1017586694.3699718,514820.0
2026-03-26,1097397415.4970288,629007.0
2026-03-27,1010935800.9427172,664609.0
2026-03-28,1157255456.3423212,763304.0
2026-03-29,957728653.5246795,634952.0
2026-03-30,904521506.1066417,532760.0
2026-03-31,904521506.1066417,523751.0
2026-04-01,1077444735.2152646,683419.0
2026-04-02,964379546.9519341,508404.0
2026-04-03,898750099.8899364,459037.0
2026-04-04,828969681.6295495,433372.0
2026-04-05,1098384828.1591525,725796.0
2026-04-06,884234327.0715194,465261.0
2026-04-07,953315133.8739818,538981.0
2026-04-08,1022395940.676444,558574.0
2026-04-09,994763617.9554594,586158.0
2026-04-10,863510085.0307804,448495.0
2026-04-11,849693923.6702881,465807.0
2026-04-12,1070752505.4381678,707229.0
2026-04-13,1022395940.676444,641052.0
2026-04-14,1132925231.560384,610515.0
2026-04-15,863510085.0307804,465753.0
2026-04-16,1050028263.3974293,630320.0
2026-04-17,968172577.6598405,552747.0
2026-04-18,1031290054.5634866,695157.0
2026-04-19,1064992343.9283061,727793.0
2026-04-20,876259523.4853154,547526.0
2026-04-21,909961812.8501353,537497.0
2026-04-22,882999981.3582796,542847.0
2026-04-23,815595402.6286399,450825.0
2026-04-24,1004328223.0716305,589597.0
2026-04-25,943664102.2149547,581159.0
2026-04-26,1004328223.0716305,712904.0
2026-04-27,930183186.4690272,580030.0
2026-04-28,936923644.3419911,566274.0
2026-04-29,856038149.8664234,383942.0
2026-04-30,943664102.2149547,409874.0
2026-05-01,1064992343.9283061,593987.0
2026-05-02,897607937.210035,526246.0
2026-05-03,1000953347.145923,604132.0
2026-05-04,981197688.9785694,567996.0
2026-05-05,987782908.3676875,585611.0
2026-05-06,928515933.8656261,526789.0
